order_id,customer_id,order_date,sales_channel,order_status
ORD00001,CUST0289,2024-10-05,Online,Completed
ORD00002,CUST0198,2024-03-24,Distributor,Completed
ORD00003,CUST0262,2024-07-31,Distributor,Cancelled
ORD00004,CUST0473,2024-02-13,Distributor,Completed
ORD00005,CUST0237,2025-01-08,Online,Cancelled
ORD00006,CUST0446,2025-05-22,Online,Completed
ORD00007,CUST0330,2025-04-12,Online,Completed
ORD00008,CUST0213,2024-07-11,Distributor,Completed
ORD00009,CUST0117,2024-11-10,Online,Completed
ORD00010,CUST0103,2024-04-03,Online,Completed
ORD00011,CUST0183,2024-01-12,Online,Completed
ORD00012,CUST0237,2025-06-16,Online,Completed
ORD00013,CUST0276,2025-04-12,Online,Completed
ORD00014,CUST0149,2024-06-02,Store,Completed
ORD00015,CUST0391,2024-04-03,Store,Completed
ORD00016,CUST0289,2024-11-30,Store,Completed
ORD00017,CUST0395,2025-04-14,Store,Cancelled
ORD00018,CUST0073,2025-09-29,Store,Completed
ORD00019,CUST0382,2025-08-29,Online,Completed
ORD00020,CUST0222,2025-08-07,Distributor,Completed
ORD00021,CUST0444,2025-08-26,Distributor,Completed
ORD00022,CUST0285,2025-09-19,Online,Completed
ORD00023,CUST0034,2024-11-21,Distributor,Completed
ORD00024,CUST0477,2025-07-23,Online,Completed
ORD00025,CUST0456,2024-11-12,Distributor,Completed
ORD00026,CUST0058,2025-11-08,Distributor,Completed
ORD00027,CUST0073,2024-08-04,Distributor,Completed
ORD00028,CUST0070,2024-03-16,Distributor,Cancelled
ORD00029,CUST0417,2025-03-17,Distributor,Cancelled
ORD00030,CUST0179,2024-12-17,Online,Completed
ORD00031,CUST0387,2024-01-01,Store,Completed
ORD00032,CUST0215,2025-03-12,Online,Completed
ORD00033,CUST0254,2025-11-01,Online,Completed
ORD00034,CUST0260,2025-11-17,Online,Completed
ORD00035,CUST0431,2025-04-12,Distributor,Cancelled
ORD00036,CUST0497,2024-12-26,Online,Cancelled
ORD00037,CUST0440,2024-09-17,Online,Completed
ORD00038,CUST0157,2024-08-04,Distributor,Completed
ORD00039,CUST0354,2024-10-26,Store,Completed
ORD00040,CUST0459,2025-04-30,Distributor,Completed
ORD00041,CUST0210,2025-12-16,Store,Completed
ORD00042,CUST0072,2025-12-14,Online,Completed
ORD00043,CUST0188,2025-09-12,Distributor,Completed
ORD00044,CUST0243,2024-02-08,Store,Completed
ORD00045,CUST0121,2024-08-24,Online,Completed
ORD00046,CUST0155,2025-06-22,Store,Completed
ORD00047,CUST0240,2025-12-08,Online,Cancelled
ORD00048,CUST0171,2025-12-01,Store,Completed
ORD00049,CUST0139,2024-06-16,Online,Completed
ORD00050,CUST0248,2024-05-15,Store,Completed
ORD00051,CUST0325,2024-01-25,Online,Completed
ORD00052,CUST0478,2024-03-31,Online,Cancelled
ORD00053,CUST0090,2025-06-08,Distributor,Cancelled
ORD00054,CUST0132,2024-03-15,Distributor,Completed
ORD00055,CUST0021,2025-06-24,Distributor,Completed
ORD00056,CUST0232,2025-07-03,Store,Completed
ORD00057,CUST0194,2024-07-21,Distributor,Cancelled
ORD00058,CUST0290,2025-10-31,Online,Completed
ORD00059,CUST0367,2024-07-19,Distributor,Completed
ORD00060,CUST0405,2024-12-09,Distributor,Completed
ORD00061,CUST0396,2024-01-28,Store,Completed
ORD00062,CUST0129,2025-01-25,Online,Completed
ORD00063,CUST0382,2025-08-22,Online,Completed
ORD00064,CUST0237,2025-09-17,Store,Completed
ORD00065,CUST0165,2024-09-14,Online,Cancelled
ORD00066,CUST0126,2025-10-05,Store,Completed
ORD00067,CUST0206,2025-02-09,Distributor,Completed
ORD00068,CUST0102,2024-04-13,Store,Completed
ORD00069,CUST0207,2025-01-25,Store,Completed
ORD00070,CUST0405,2024-08-10,Online,Completed
ORD00071,CUST0401,2024-11-18,Store,Completed
ORD00072,CUST0106,2024-02-16,Store,Completed
ORD00073,CUST0255,2025-09-12,Online,Cancelled
ORD00074,CUST0404,2024-09-17,Store,Completed
ORD00075,CUST0193,2024-07-14,Store,Completed
ORD00076,CUST0287,2024-07-25,Distributor,Cancelled
ORD00077,CUST0312,2025-12-28,Distributor,Completed
ORD00078,CUST0182,2025-11-14,Store,Cancelled
ORD00079,CUST0394,2024-10-05,Online,Completed
ORD00080,CUST0438,2024-10-28,Online,Completed
ORD00081,CUST0256,2025-10-13,Online,Completed
ORD00082,CUST0286,2025-05-03,Store,Completed
ORD00083,CUST0304,2025-04-19,Online,Completed
ORD00084,CUST0262,2025-12-09,Distributor,Cancelled
ORD00085,CUST0011,2024-03-26,Online,Completed
ORD00086,CUST0084,2025-10-23,Online,Completed
ORD00087,CUST0317,2024-04-05,Store,Cancelled
ORD00088,CUST0149,2024-05-28,Store,Completed
ORD00089,CUST0149,2024-04-16,Distributor,Completed
ORD00090,CUST0445,2025-10-10,Distributor,Cancelled
ORD00091,CUST0468,2024-05-10,Online,Completed
ORD00092,CUST0184,2025-09-28,Store,Cancelled
ORD00093,CUST0343,2024-06-10,Distributor,Completed
ORD00094,CUST0081,2025-12-29,Store,Completed
ORD00095,CUST0247,2025-02-04,Online,Completed
ORD00096,CUST0172,2025-01-27,Store,Cancelled
ORD00097,CUST0431,2025-01-13,Store,Completed
ORD00098,CUST0020,2025-07-23,Distributor,Completed
ORD00099,CUST0002,2025-06-04,Online,Completed
ORD00100,CUST0457,2024-03-30,Distributor,Cancelled
ORD00101,CUST0108,2024-10-05,Online,Completed
ORD00102,CUST0494,2024-04-27,Distributor,Completed
ORD00103,CUST0005,2024-03-26,Distributor,Completed
ORD00104,CUST0247,2025-01-09,Distributor,Completed
ORD00105,CUST0440,2024-05-26,Distributor,Completed
ORD00106,CUST0340,2024-06-04,Online,Completed
ORD00107,CUST0019,2024-08-12,Distributor,Completed
ORD00108,CUST0187,2024-06-25,Store,Completed
ORD00109,CUST0363,2024-04-23,Distributor,Completed
ORD00110,CUST0057,2024-08-15,Distributor,Completed
ORD00111,CUST0455,2025-03-19,Store,Cancelled
ORD00112,CUST0436,2024-05-20,Online,Completed
ORD00113,CUST0339,2025-10-29,Distributor,Cancelled
ORD00114,CUST0331,2024-05-08,Online,Completed
ORD00115,CUST0409,2024-04-20,Distributor,Completed
ORD00116,CUST0132,2024-12-28,Online,Completed
ORD00117,CUST0129,2025-08-25,Store,Completed
ORD00118,CUST0108,2024-04-12,Store,Cancelled
ORD00119,CUST0094,2024-07-25,Distributor,Completed
ORD00120,CUST0443,2025-05-09,Distributor,Completed
ORD00121,CUST0100,2024-05-01,Store,Completed
ORD00122,CUST0062,2025-05-04,Online,Completed
ORD00123,CUST0488,2024-11-30,Store,Completed
ORD00124,CUST0445,2024-03-22,Distributor,Completed
ORD00125,CUST0378,2024-10-19,Store,Completed
ORD00126,CUST0250,2024-09-10,Distributor,Completed
ORD00127,CUST0075,2024-05-23,Distributor,Completed
ORD00128,CUST0055,2025-05-19,Online,Cancelled
ORD00129,CUST0073,2024-03-30,Online,Completed
ORD00130,CUST0063,2025-07-17,Store,Cancelled
ORD00131,CUST0113,2025-02-09,Distributor,Completed
ORD00132,CUST0186,2025-06-12,Distributor,Cancelled
ORD00133,CUST0172,2025-03-05,Distributor,Completed
ORD00134,CUST0136,2025-07-22,Store,Cancelled
ORD00135,CUST0179,2025-07-20,Store,Completed
ORD00136,CUST0450,2024-09-28,Store,Completed
ORD00137,CUST0327,2024-08-12,Store,Cancelled
ORD00138,CUST0179,2024-03-25,Online,Completed
ORD00139,CUST0222,2024-12-18,Distributor,Completed
ORD00140,CUST0317,2024-12-29,Distributor,Completed
ORD00141,CUST0137,2024-02-20,Online,Completed
ORD00142,CUST0053,2025-10-22,Store,Cancelled
ORD00143,CUST0108,2024-01-13,Distributor,Cancelled
ORD00144,CUST0244,2025-09-07,Distributor,Completed
ORD00145,CUST0086,2024-10-19,Store,Completed
ORD00146,CUST0491,2025-07-17,Store,Completed
ORD00147,CUST0336,2025-05-19,Store,Completed
ORD00148,CUST0298,2024-03-14,Online,Completed
ORD00149,CUST0324,2025-10-21,Store,Completed
ORD00150,CUST0451,2024-09-23,Store,Completed
ORD00151,CUST0061,2025-09-02,Online,Completed
ORD00152,CUST0085,2025-10-21,Store,Completed
ORD00153,CUST0370,2025-12-27,Distributor,Completed
ORD00154,CUST0156,2025-03-30,Store,Cancelled
ORD00155,CUST0369,2024-12-01,Store,Completed
ORD00156,CUST0135,2024-07-27,Store,Completed
ORD00157,CUST0212,2025-01-28,Store,Completed
ORD00158,CUST0459,2024-11-19,Online,Cancelled
ORD00159,CUST0411,2024-10-22,Store,Completed
ORD00160,CUST0089,2024-07-20,Store,Completed
ORD00161,CUST0334,2024-04-21,Store,Completed
ORD00162,CUST0397,2025-03-14,Online,Completed
ORD00163,CUST0135,2024-09-11,Distributor,Completed
ORD00164,CUST0180,2025-04-27,Store,Completed
ORD00165,CUST0323,2024-11-25,Online,Cancelled
ORD00166,CUST0384,2025-05-23,Store,Completed
ORD00167,CUST0255,2025-11-22,Distributor,Completed
ORD00168,CUST0429,2024-09-12,Store,Completed
ORD00169,CUST0067,2024-02-26,Store,Cancelled
ORD00170,CUST0304,2024-06-22,Distributor,Cancelled
ORD00171,CUST0293,2024-02-21,Distributor,Completed
ORD00172,CUST0072,2024-01-14,Online,Completed
ORD00173,CUST0113,2025-05-26,Store,Completed
ORD00174,CUST0302,2025-07-08,Online,Cancelled
ORD00175,CUST0485,2024-04-27,Online,Completed
ORD00176,CUST0167,2024-09-21,Distributor,Completed
ORD00177,CUST0447,2025-07-07,Online,Completed
ORD00178,CUST0005,2025-04-13,Store,Cancelled
ORD00179,CUST0179,2024-10-02,Distributor,Completed
ORD00180,CUST0257,2024-07-05,Store,Completed
ORD00181,CUST0012,2025-11-04,Store,Completed
ORD00182,CUST0209,2024-11-21,Store,Completed
ORD00183,CUST0220,2025-04-05,Store,Completed
ORD00184,CUST0186,2024-06-05,Distributor,Cancelled
ORD00185,CUST0226,2024-04-13,Distributor,Completed
ORD00186,CUST0376,2025-07-26,Distributor,Completed
ORD00187,CUST0123,2024-09-21,Distributor,Completed
ORD00188,CUST0003,2025-10-06,Online,Cancelled
ORD00189,CUST0244,2025-05-27,Store,Completed
ORD00190,CUST0437,2024-10-30,Distributor,Cancelled
ORD00191,CUST0390,2025-07-12,Distributor,Completed
ORD00192,CUST0071,2024-05-01,Distributor,Completed
ORD00193,CUST0031,2024-07-16,Distributor,Completed
ORD00194,CUST0200,2024-06-08,Distributor,Completed
ORD00195,CUST0474,2025-12-05,Online,Completed
ORD00196,CUST0335,2024-10-04,Distributor,Completed
ORD00197,CUST0036,2025-07-25,Distributor,Completed
ORD00198,CUST0172,2024-05-22,Store,Cancelled
ORD00199,CUST0035,2024-02-16,Store,Completed
ORD00200,CUST0024,2025-05-19,Store,Completed
ORD00201,CUST0406,2025-06-06,Store,Completed
ORD00202,CUST0410,2024-10-04,Store,Cancelled
ORD00203,CUST0466,2025-06-27,Distributor,Cancelled
ORD00204,CUST0198,2025-03-04,Online,Completed
ORD00205,CUST0156,2024-10-01,Online,Completed
ORD00206,CUST0076,2025-03-25,Distributor,Completed
ORD00207,CUST0263,2025-11-17,Store,Completed
ORD00208,CUST0071,2025-02-15,Store,Completed
ORD00209,CUST0144,2025-12-04,Store,Completed
ORD00210,CUST0291,2024-03-12,Online,Completed
ORD00211,CUST0236,2024-04-13,Store,Completed
ORD00212,CUST0380,2024-04-07,Distributor,Completed
ORD00213,CUST0402,2025-08-29,Store,Completed
ORD00214,CUST0486,2025-11-13,Online,Completed
ORD00215,CUST0328,2024-06-16,Distributor,Completed
ORD00216,CUST0090,2025-02-27,Store,Completed
ORD00217,CUST0344,2024-07-04,Online,Completed
ORD00218,CUST0077,2025-10-18,Store,Completed
ORD00219,CUST0146,2025-10-12,Distributor,Completed
ORD00220,CUST0201,2025-04-06,Online,Cancelled
ORD00221,CUST0391,2025-10-05,Online,Cancelled
ORD00222,CUST0070,2024-01-11,Store,Cancelled
ORD00223,CUST0326,2025-09-03,Store,Cancelled
ORD00224,CUST0303,2025-03-14,Online,Cancelled
ORD00225,CUST0127,2025-01-01,Distributor,Completed
ORD00226,CUST0126,2024-07-29,Distributor,Cancelled
ORD00227,CUST0331,2025-09-20,Store,Completed
ORD00228,CUST0344,2025-11-02,Online,Completed
ORD00229,CUST0343,2025-04-19,Online,Cancelled
ORD00230,CUST0455,2025-11-12,Distributor,Cancelled
ORD00231,CUST0485,2025-10-22,Distributor,Completed
ORD00232,CUST0427,2024-01-29,Store,Completed
ORD00233,CUST0486,2025-04-30,Store,Completed
ORD00234,CUST0145,2025-05-12,Distributor,Completed
ORD00235,CUST0183,2024-02-09,Distributor,Completed
ORD00236,CUST0106,2025-03-15,Store,Completed
ORD00237,CUST0240,2025-05-21,Distributor,Cancelled
ORD00238,CUST0458,2025-04-16,Online,Completed
ORD00239,CUST0051,2024-06-09,Online,Completed
ORD00240,CUST0302,2025-04-16,Store,Completed
ORD00241,CUST0254,2024-08-20,Store,Completed
ORD00242,CUST0046,2024-12-09,Distributor,Cancelled
ORD00243,CUST0167,2024-12-28,Online,Completed
ORD00244,CUST0206,2024-06-24,Store,Completed
ORD00245,CUST0300,2025-09-26,Store,Completed
ORD00246,CUST0300,2025-05-14,Store,Completed
ORD00247,CUST0374,2024-01-20,Online,Completed
ORD00248,CUST0227,2024-03-05,Distributor,Completed
ORD00249,CUST0489,2024-09-07,Distributor,Completed
ORD00250,CUST0033,2024-05-05,Distributor,Cancelled
ORD00251,CUST0458,2025-08-13,Online,Completed
ORD00252,CUST0014,2025-10-05,Distributor,Completed
ORD00253,CUST0033,2025-01-12,Online,Completed
ORD00254,CUST0097,2024-12-31,Store,Completed
ORD00255,CUST0336,2025-03-04,Store,Completed
ORD00256,CUST0022,2024-03-15,Online,Completed
ORD00257,CUST0267,2024-01-20,Online,Completed
ORD00258,CUST0249,2025-08-04,Online,Completed
ORD00259,CUST0106,2024-10-26,Online,Completed
ORD00260,CUST0212,2024-01-24,Online,Completed
ORD00261,CUST0077,2025-01-20,Distributor,Completed
ORD00262,CUST0105,2025-08-06,Distributor,Cancelled
ORD00263,CUST0311,2025-01-15,Store,Completed
ORD00264,CUST0019,2024-11-29,Online,Completed
ORD00265,CUST0231,2024-03-30,Store,Completed
ORD00266,CUST0001,2025-09-11,Store,Completed
ORD00267,CUST0188,2025-05-14,Store,Completed
ORD00268,CUST0433,2024-01-15,Online,Completed
ORD00269,CUST0433,2025-10-10,Store,Completed
ORD00270,CUST0391,2024-03-16,Distributor,Completed
ORD00271,CUST0270,2025-04-12,Store,Completed
ORD00272,CUST0443,2025-12-17,Online,Completed
ORD00273,CUST0333,2024-11-23,Store,Completed
ORD00274,CUST0412,2024-01-25,Distributor,Completed
ORD00275,CUST0413,2025-12-20,Online,Completed
ORD00276,CUST0022,2025-12-19,Online,Completed
ORD00277,CUST0220,2025-02-25,Online,Completed
ORD00278,CUST0152,2025-06-19,Online,Cancelled
ORD00279,CUST0077,2025-02-15,Store,Cancelled
ORD00280,CUST0160,2024-07-02,Online,Completed
ORD00281,CUST0076,2025-08-18,Store,Completed
ORD00282,CUST0243,2024-12-27,Online,Completed
ORD00283,CUST0178,2024-01-28,Distributor,Completed
ORD00284,CUST0431,2024-06-28,Online,Completed
ORD00285,CUST0372,2025-04-04,Online,Completed
ORD00286,CUST0472,2024-08-12,Distributor,Cancelled
ORD00287,CUST0413,2024-06-06,Store,Completed
ORD00288,CUST0064,2024-02-11,Distributor,Completed
ORD00289,CUST0184,2025-11-10,Store,Completed
ORD00290,CUST0354,2024-12-06,Store,Completed
ORD00291,CUST0167,2024-10-12,Online,Completed
ORD00292,CUST0091,2024-05-21,Distributor,Completed
ORD00293,CUST0475,2024-09-05,Online,Cancelled
ORD00294,CUST0318,2024-04-17,Distributor,Completed
ORD00295,CUST0126,2024-10-19,Store,Completed
ORD00296,CUST0335,2024-09-07,Online,Completed
ORD00297,CUST0347,2024-11-09,Store,Completed
ORD00298,CUST0036,2024-03-01,Store,Cancelled
ORD00299,CUST0075,2025-03-17,Store,Completed
ORD00300,CUST0196,2024-06-09,Distributor,Completed
ORD00301,CUST0147,2024-01-31,Online,Completed
ORD00302,CUST0191,2025-11-04,Online,Completed
ORD00303,CUST0355,2025-01-11,Store,Completed
ORD00304,CUST0252,2025-07-28,Store,Completed
ORD00305,CUST0308,2025-05-07,Store,Completed
ORD00306,CUST0445,2025-01-13,Distributor,Cancelled
ORD00307,CUST0420,2025-09-14,Store,Cancelled
ORD00308,CUST0468,2025-10-17,Online,Cancelled
ORD00309,CUST0188,2025-05-28,Online,Completed
ORD00310,CUST0228,2024-07-11,Online,Cancelled
ORD00311,CUST0052,2024-05-19,Online,Completed
ORD00312,CUST0016,2024-10-25,Distributor,Completed
ORD00313,CUST0052,2025-08-31,Distributor,Cancelled
ORD00314,CUST0222,2024-05-08,Store,Completed
ORD00315,CUST0024,2024-07-10,Online,Completed
ORD00316,CUST0240,2024-05-07,Store,Completed
ORD00317,CUST0116,2025-12-08,Distributor,Completed
ORD00318,CUST0490,2025-12-29,Distributor,Completed
ORD00319,CUST0290,2024-06-25,Store,Completed
ORD00320,CUST0403,2024-04-25,Online,Completed
ORD00321,CUST0442,2025-05-27,Distributor,Completed
ORD00322,CUST0025,2025-06-08,Store,Completed
ORD00323,CUST0494,2025-10-27,Store,Completed
ORD00324,CUST0293,2024-03-29,Distributor,Completed
ORD00325,CUST0360,2024-01-03,Distributor,Completed
ORD00326,CUST0252,2024-03-14,Online,Completed
ORD00327,CUST0437,2024-12-27,Distributor,Cancelled
ORD00328,CUST0267,2025-04-05,Distributor,Completed
ORD00329,CUST0470,2024-12-12,Distributor,Completed
ORD00330,CUST0140,2025-03-25,Store,Completed
ORD00331,CUST0044,2025-12-22,Online,Completed
ORD00332,CUST0391,2025-11-03,Store,Completed
ORD00333,CUST0243,2024-10-25,Store,Cancelled
ORD00334,CUST0212,2024-04-23,Store,Completed
ORD00335,CUST0440,2024-12-10,Distributor,Completed
ORD00336,CUST0054,2024-10-06,Distributor,Completed
ORD00337,CUST0014,2024-01-16,Online,Completed
ORD00338,CUST0054,2025-09-04,Online,Completed
ORD00339,CUST0342,2025-03-03,Online,Completed
ORD00340,CUST0077,2024-02-14,Distributor,Completed
ORD00341,CUST0137,2024-07-18,Distributor,Cancelled
ORD00342,CUST0471,2025-02-05,Online,Completed
ORD00343,CUST0034,2025-10-16,Store,Completed
ORD00344,CUST0147,2025-07-25,Online,Cancelled
ORD00345,CUST0099,2025-12-22,Store,Completed
ORD00346,CUST0025,2024-04-01,Online,Cancelled
ORD00347,CUST0106,2025-11-27,Distributor,Completed
ORD00348,CUST0366,2025-01-25,Distributor,Completed
ORD00349,CUST0020,2025-07-28,Store,Completed
ORD00350,CUST0392,2025-03-16,Store,Cancelled
ORD00351,CUST0270,2024-07-19,Distributor,Completed
ORD00352,CUST0048,2024-07-06,Distributor,Completed
ORD00353,CUST0208,2024-01-16,Online,Completed
ORD00354,CUST0201,2025-09-14,Distributor,Cancelled
ORD00355,CUST0225,2025-09-09,Distributor,Completed
ORD00356,CUST0073,2025-04-12,Online,Completed
ORD00357,CUST0043,2025-12-15,Distributor,Completed
ORD00358,CUST0228,2024-08-17,Distributor,Completed
ORD00359,CUST0483,2025-12-20,Store,Cancelled
ORD00360,CUST0037,2024-03-09,Distributor,Completed
ORD00361,CUST0169,2024-10-16,Online,Completed
ORD00362,CUST0108,2024-08-27,Store,Completed
ORD00363,CUST0249,2024-11-12,Store,Completed
ORD00364,CUST0030,2025-04-06,Distributor,Completed
ORD00365,CUST0150,2024-06-12,Store,Completed
ORD00366,CUST0466,2024-03-17,Store,Completed
ORD00367,CUST0216,2024-08-16,Online,Completed
ORD00368,CUST0277,2024-05-27,Online,Completed
ORD00369,CUST0398,2025-04-28,Distributor,Cancelled
ORD00370,CUST0270,2025-07-11,Distributor,Completed
ORD00371,CUST0260,2025-12-17,Distributor,Completed
ORD00372,CUST0064,2025-01-14,Store,Cancelled
ORD00373,CUST0077,2024-10-04,Store,Completed
ORD00374,CUST0208,2024-11-26,Online,Completed
ORD00375,CUST0240,2024-01-17,Distributor,Completed
ORD00376,CUST0360,2024-06-28,Online,Completed
ORD00377,CUST0058,2025-08-10,Distributor,Completed
ORD00378,CUST0013,2024-02-09,Online,Completed
ORD00379,CUST0090,2024-06-16,Store,Completed
ORD00380,CUST0107,2025-11-21,Store,Completed
ORD00381,CUST0480,2024-12-02,Online,Completed
ORD00382,CUST0055,2025-07-02,Online,Cancelled
ORD00383,CUST0026,2025-05-20,Online,Completed
ORD00384,CUST0461,2024-05-07,Online,Completed
ORD00385,CUST0483,2024-01-27,Store,Completed
ORD00386,CUST0395,2025-05-05,Online,Completed
ORD00387,CUST0014,2024-03-18,Store,Completed
ORD00388,CUST0145,2025-10-21,Store,Completed
ORD00389,CUST0005,2025-12-29,Distributor,Completed
ORD00390,CUST0341,2024-01-04,Store,Completed
ORD00391,CUST0221,2024-09-04,Online,Completed
ORD00392,CUST0151,2024-10-02,Store,Completed
ORD00393,CUST0237,2024-05-14,Distributor,Cancelled
ORD00394,CUST0061,2025-01-07,Online,Completed
ORD00395,CUST0255,2025-10-25,Distributor,Cancelled
ORD00396,CUST0325,2025-10-30,Distributor,Completed
ORD00397,CUST0032,2025-11-29,Distributor,Completed
ORD00398,CUST0237,2024-06-08,Distributor,Completed
ORD00399,CUST0147,2025-04-22,Online,Completed
ORD00400,CUST0058,2025-12-22,Distributor,Completed
ORD00401,CUST0217,2025-10-31,Online,Completed
ORD00402,CUST0073,2025-07-23,Distributor,Cancelled
ORD00403,CUST0241,2024-02-24,Store,Completed
ORD00404,CUST0134,2024-11-15,Online,Completed
ORD00405,CUST0251,2025-08-14,Store,Completed
ORD00406,CUST0369,2024-11-23,Store,Completed
ORD00407,CUST0182,2024-02-20,Distributor,Completed
ORD00408,CUST0038,2025-06-01,Online,Cancelled
ORD00409,CUST0177,2024-11-12,Online,Completed
ORD00410,CUST0335,2024-05-19,Online,Completed
ORD00411,CUST0462,2025-05-13,Distributor,Completed
ORD00412,CUST0412,2025-09-22,Online,Cancelled
ORD00413,CUST0356,2024-07-28,Store,Completed
ORD00414,CUST0471,2024-07-04,Online,Completed
ORD00415,CUST0445,2024-03-30,Distributor,Completed
ORD00416,CUST0243,2025-05-31,Distributor,Completed
ORD00417,CUST0395,2025-12-04,Store,Completed
ORD00418,CUST0494,2025-03-14,Store,Completed
ORD00419,CUST0487,2024-04-08,Distributor,Completed
ORD00420,CUST0313,2025-09-25,Store,Completed
ORD00421,CUST0225,2024-05-03,Online,Completed
ORD00422,CUST0007,2025-03-05,Distributor,Completed
ORD00423,CUST0135,2025-05-01,Store,Completed
ORD00424,CUST0171,2025-03-27,Distributor,Cancelled
ORD00425,CUST0400,2024-08-17,Store,Completed
ORD00426,CUST0154,2024-04-07,Store,Cancelled
ORD00427,CUST0262,2024-02-07,Distributor,Completed
ORD00428,CUST0433,2024-06-27,Distributor,Completed
ORD00429,CUST0420,2025-08-26,Distributor,Completed
ORD00430,CUST0177,2024-06-17,Online,Completed
ORD00431,CUST0020,2024-09-29,Store,Completed
ORD00432,CUST0281,2025-12-12,Distributor,Cancelled
ORD00433,CUST0144,2024-07-06,Store,Completed
ORD00434,CUST0048,2025-11-30,Online,Completed
ORD00435,CUST0274,2024-11-12,Online,Completed
ORD00436,CUST0174,2024-06-13,Distributor,Completed
ORD00437,CUST0076,2024-07-21,Online,Completed
ORD00438,CUST0413,2025-09-09,Distributor,Completed
ORD00439,CUST0042,2025-05-06,Online,Completed
ORD00440,CUST0394,2024-06-22,Distributor,Completed
ORD00441,CUST0445,2024-03-31,Store,Completed
ORD00442,CUST0100,2024-11-04,Distributor,Cancelled
ORD00443,CUST0148,2025-02-24,Store,Completed
ORD00444,CUST0292,2025-09-28,Online,Completed
ORD00445,CUST0175,2025-12-18,Online,Completed
ORD00446,CUST0200,2025-05-09,Distributor,Completed
ORD00447,CUST0173,2025-10-01,Store,Completed
ORD00448,CUST0449,2025-02-04,Distributor,Completed
ORD00449,CUST0436,2025-12-02,Distributor,Completed
ORD00450,CUST0283,2025-07-29,Online,Cancelled
ORD00451,CUST0153,2025-03-29,Store,Completed
ORD00452,CUST0030,2025-03-21,Store,Cancelled
ORD00453,CUST0007,2025-01-21,Distributor,Completed
ORD00454,CUST0047,2025-01-23,Distributor,Completed
ORD00455,CUST0226,2025-01-26,Online,Completed
ORD00456,CUST0058,2024-05-02,Distributor,Cancelled
ORD00457,CUST0387,2024-09-15,Online,Cancelled
ORD00458,CUST0437,2025-07-28,Online,Cancelled
ORD00459,CUST0208,2024-05-17,Store,Completed
ORD00460,CUST0325,2025-10-15,Store,Completed
ORD00461,CUST0351,2024-07-06,Distributor,Completed
ORD00462,CUST0029,2025-08-22,Online,Cancelled
ORD00463,CUST0231,2025-06-12,Distributor,Completed
ORD00464,CUST0153,2024-01-10,Store,Completed
ORD00465,CUST0332,2025-07-26,Store,Cancelled
ORD00466,CUST0144,2024-08-22,Online,Cancelled
ORD00467,CUST0011,2024-01-16,Distributor,Completed
ORD00468,CUST0401,2024-02-24,Distributor,Completed
ORD00469,CUST0196,2025-09-27,Store,Completed
ORD00470,CUST0265,2025-09-29,Online,Completed
ORD00471,CUST0051,2025-08-21,Distributor,Completed
ORD00472,CUST0488,2025-03-11,Distributor,Completed
ORD00473,CUST0075,2024-04-28,Distributor,Cancelled
ORD00474,CUST0300,2025-10-01,Online,Cancelled
ORD00475,CUST0178,2024-11-26,Online,Completed
ORD00476,CUST0432,2025-03-02,Distributor,Completed
ORD00477,CUST0321,2025-07-26,Online,Completed
ORD00478,CUST0410,2025-09-22,Online,Cancelled
ORD00479,CUST0234,2025-05-07,Online,Completed
ORD00480,CUST0098,2025-03-11,Store,Completed
ORD00481,CUST0337,2025-12-28,Distributor,Completed
ORD00482,CUST0271,2024-08-21,Store,Completed
ORD00483,CUST0303,2025-11-30,Store,Completed
ORD00484,CUST0181,2025-07-07,Store,Completed
ORD00485,CUST0191,2025-10-25,Distributor,Cancelled
ORD00486,CUST0226,2025-06-15,Online,Completed
ORD00487,CUST0346,2024-06-06,Distributor,Completed
ORD00488,CUST0257,2025-01-22,Online,Cancelled
ORD00489,CUST0181,2025-06-17,Online,Completed
ORD00490,CUST0113,2024-04-25,Distributor,Cancelled
ORD00491,CUST0258,2025-08-13,Store,Completed
ORD00492,CUST0005,2025-09-22,Store,Completed
ORD00493,CUST0492,2024-02-06,Distributor,Completed
ORD00494,CUST0287,2024-11-30,Online,Cancelled
ORD00495,CUST0031,2024-03-21,Store,Completed
ORD00496,CUST0438,2025-09-22,Online,Completed
ORD00497,CUST0430,2025-12-12,Store,Completed
ORD00498,CUST0133,2024-10-08,Distributor,Completed
ORD00499,CUST0182,2025-05-03,Store,Completed
ORD00500,CUST0438,2024-08-05,Store,Completed
ORD00501,CUST0274,2024-02-15,Online,Cancelled
ORD00502,CUST0488,2024-11-29,Store,Completed
ORD00503,CUST0013,2025-02-07,Online,Completed
ORD00504,CUST0208,2024-01-16,Distributor,Completed
ORD00505,CUST0336,2025-08-15,Distributor,Completed
ORD00506,CUST0008,2024-09-23,Distributor,Completed
ORD00507,CUST0310,2025-01-22,Store,Completed
ORD00508,CUST0209,2025-09-02,Distributor,Cancelled
ORD00509,CUST0171,2025-01-14,Store,Completed
ORD00510,CUST0218,2025-10-19,Distributor,Completed
ORD00511,CUST0189,2025-06-14,Online,Completed
ORD00512,CUST0063,2024-11-22,Store,Completed
ORD00513,CUST0442,2024-03-22,Online,Completed
ORD00514,CUST0491,2024-07-28,Store,Completed
ORD00515,CUST0420,2025-09-23,Distributor,Cancelled
ORD00516,CUST0458,2024-08-12,Online,Completed
ORD00517,CUST0285,2025-02-14,Store,Completed
ORD00518,CUST0040,2025-04-11,Store,Completed
ORD00519,CUST0495,2025-10-26,Distributor,Completed
ORD00520,CUST0023,2024-05-25,Online,Completed
ORD00521,CUST0057,2025-09-23,Store,Completed
ORD00522,CUST0478,2024-08-22,Online,Cancelled
ORD00523,CUST0057,2025-03-10,Online,Completed
ORD00524,CUST0370,2024-10-31,Distributor,Completed
ORD00525,CUST0204,2024-02-18,Distributor,Completed
ORD00526,CUST0100,2025-09-25,Distributor,Cancelled
ORD00527,CUST0009,2025-07-20,Online,Completed
ORD00528,CUST0475,2025-08-26,Store,Cancelled
ORD00529,CUST0236,2024-12-23,Distributor,Completed
ORD00530,CUST0307,2024-11-28,Online,Completed
ORD00531,CUST0128,2025-04-10,Store,Completed
ORD00532,CUST0467,2025-09-05,Online,Completed
ORD00533,CUST0496,2025-04-12,Store,Completed
ORD00534,CUST0187,2025-05-20,Store,Completed
ORD00535,CUST0090,2025-09-21,Distributor,Completed
ORD00536,CUST0127,2024-10-24,Online,Completed
ORD00537,CUST0297,2025-03-26,Store,Completed
ORD00538,CUST0385,2024-08-25,Online,Completed
ORD00539,CUST0225,2025-01-30,Store,Cancelled
ORD00540,CUST0210,2025-03-16,Store,Completed
ORD00541,CUST0183,2025-05-04,Online,Completed
ORD00542,CUST0460,2024-12-05,Distributor,Cancelled
ORD00543,CUST0198,2024-09-03,Distributor,Completed
ORD00544,CUST0189,2025-12-24,Online,Completed
ORD00545,CUST0120,2025-12-14,Online,Cancelled
ORD00546,CUST0084,2024-10-21,Online,Cancelled
ORD00547,CUST0223,2024-04-01,Distributor,Cancelled
ORD00548,CUST0324,2025-04-11,Store,Completed
ORD00549,CUST0074,2024-10-17,Distributor,Cancelled
ORD00550,CUST0132,2024-09-02,Distributor,Completed
ORD00551,CUST0186,2025-09-23,Store,Cancelled
ORD00552,CUST0137,2025-05-14,Distributor,Completed
ORD00553,CUST0115,2025-04-06,Store,Cancelled
ORD00554,CUST0201,2024-11-16,Online,Completed
ORD00555,CUST0388,2024-05-01,Store,Completed
ORD00556,CUST0058,2024-11-14,Store,Completed
ORD00557,CUST0370,2025-09-15,Store,Completed
ORD00558,CUST0437,2024-04-25,Store,Cancelled
ORD00559,CUST0004,2025-06-21,Online,Cancelled
ORD00560,CUST0292,2024-04-02,Store,Completed
ORD00561,CUST0093,2025-07-27,Store,Completed
ORD00562,CUST0134,2025-01-22,Store,Completed
ORD00563,CUST0242,2025-06-22,Online,Completed
ORD00564,CUST0023,2025-03-28,Distributor,Completed
ORD00565,CUST0255,2025-05-18,Store,Completed
ORD00566,CUST0102,2024-06-19,Online,Completed
ORD00567,CUST0152,2025-03-07,Online,Completed
ORD00568,CUST0429,2025-03-10,Distributor,Cancelled
ORD00569,CUST0172,2024-11-30,Online,Cancelled
ORD00570,CUST0225,2025-12-01,Store,Completed
ORD00571,CUST0210,2024-06-07,Store,Completed
ORD00572,CUST0422,2024-08-30,Store,Completed
ORD00573,CUST0200,2024-07-09,Distributor,Completed
ORD00574,CUST0272,2024-06-03,Store,Completed
ORD00575,CUST0361,2024-07-22,Online,Cancelled
ORD00576,CUST0144,2025-07-11,Online,Completed
ORD00577,CUST0466,2024-10-15,Store,Cancelled
ORD00578,CUST0473,2024-10-24,Online,Completed
ORD00579,CUST0382,2024-07-09,Store,Completed
ORD00580,CUST0431,2025-07-31,Distributor,Cancelled
ORD00581,CUST0435,2024-12-13,Store,Completed
ORD00582,CUST0320,2025-02-08,Distributor,Completed
ORD00583,CUST0342,2025-07-17,Distributor,Completed
ORD00584,CUST0286,2025-07-25,Store,Completed
ORD00585,CUST0282,2025-11-20,Store,Completed
ORD00586,CUST0078,2025-02-06,Online,Completed
ORD00587,CUST0469,2025-12-17,Store,Cancelled
ORD00588,CUST0079,2025-04-03,Online,Cancelled
ORD00589,CUST0250,2025-04-11,Store,Completed
ORD00590,CUST0342,2024-08-24,Store,Cancelled
ORD00591,CUST0336,2024-03-22,Store,Completed
ORD00592,CUST0104,2024-09-14,Online,Completed
ORD00593,CUST0328,2025-12-28,Distributor,Completed
ORD00594,CUST0121,2024-01-04,Distributor,Completed
ORD00595,CUST0379,2025-12-08,Online,Completed
ORD00596,CUST0413,2024-12-06,Distributor,Completed
ORD00597,CUST0438,2025-04-30,Online,Completed
ORD00598,CUST0315,2025-12-11,Online,Completed
ORD00599,CUST0110,2025-10-21,Distributor,Completed
ORD00600,CUST0464,2025-06-14,Online,Completed
ORD00601,CUST0280,2024-02-11,Online,Completed
ORD00602,CUST0299,2024-02-27,Online,Completed
ORD00603,CUST0265,2025-02-08,Store,Completed
ORD00604,CUST0047,2025-10-20,Store,Completed
ORD00605,CUST0245,2024-05-02,Online,Completed
ORD00606,CUST0015,2025-03-06,Distributor,Completed
ORD00607,CUST0135,2025-08-21,Store,Cancelled
ORD00608,CUST0343,2025-04-27,Store,Completed
ORD00609,CUST0232,2025-09-13,Online,Cancelled
ORD00610,CUST0080,2025-03-28,Online,Completed
ORD00611,CUST0415,2024-03-30,Distributor,Completed
ORD00612,CUST0116,2025-11-16,Store,Completed
ORD00613,CUST0190,2024-07-02,Online,Completed
ORD00614,CUST0420,2024-10-08,Online,Completed
ORD00615,CUST0348,2024-10-19,Store,Completed
ORD00616,CUST0029,2025-05-15,Online,Completed
ORD00617,CUST0329,2025-02-06,Store,Completed
ORD00618,CUST0222,2025-03-01,Distributor,Completed
ORD00619,CUST0331,2024-03-28,Distributor,Completed
ORD00620,CUST0303,2024-10-30,Store,Completed
ORD00621,CUST0262,2025-03-09,Distributor,Completed
ORD00622,CUST0003,2024-10-08,Distributor,Completed
ORD00623,CUST0301,2025-03-08,Distributor,Completed
ORD00624,CUST0446,2024-02-25,Distributor,Completed
ORD00625,CUST0064,2025-03-08,Store,Completed
ORD00626,CUST0388,2025-05-30,Store,Completed
ORD00627,CUST0180,2025-04-24,Store,Completed
ORD00628,CUST0456,2025-04-16,Online,Completed
ORD00629,CUST0205,2024-12-25,Store,Completed
ORD00630,CUST0030,2025-11-16,Store,Completed
ORD00631,CUST0473,2025-02-16,Store,Completed
ORD00632,CUST0292,2025-12-10,Online,Completed
ORD00633,CUST0420,2025-05-05,Online,Completed
ORD00634,CUST0360,2024-04-10,Online,Completed
ORD00635,CUST0233,2025-09-06,Store,Completed
ORD00636,CUST0187,2025-06-20,Store,Completed
ORD00637,CUST0326,2024-12-13,Store,Completed
ORD00638,CUST0061,2025-07-02,Distributor,Completed
ORD00639,CUST0173,2024-12-21,Distributor,Completed
ORD00640,CUST0214,2025-05-25,Store,Completed
ORD00641,CUST0295,2024-06-07,Distributor,Completed
ORD00642,CUST0227,2024-12-15,Store,Cancelled
ORD00643,CUST0300,2025-08-06,Distributor,Completed
ORD00644,CUST0360,2024-12-09,Store,Cancelled
ORD00645,CUST0203,2025-06-23,Distributor,Completed
ORD00646,CUST0262,2025-08-23,Store,Completed
ORD00647,CUST0323,2024-04-18,Online,Completed
ORD00648,CUST0424,2025-09-15,Store,Completed
ORD00649,CUST0495,2024-03-27,Store,Completed
ORD00650,CUST0064,2025-01-07,Distributor,Completed
ORD00651,CUST0210,2025-11-29,Store,Completed
ORD00652,CUST0333,2025-01-25,Distributor,Completed
ORD00653,CUST0100,2024-03-14,Store,Completed
ORD00654,CUST0344,2024-09-05,Online,Completed
ORD00655,CUST0019,2024-01-11,Store,Completed
ORD00656,CUST0127,2024-10-02,Store,Completed
ORD00657,CUST0134,2025-02-16,Distributor,Completed
ORD00658,CUST0292,2024-11-13,Store,Completed
ORD00659,CUST0185,2024-02-17,Distributor,Completed
ORD00660,CUST0171,2024-03-02,Online,Completed
ORD00661,CUST0311,2025-11-01,Store,Completed
ORD00662,CUST0076,2024-07-20,Online,Completed
ORD00663,CUST0051,2024-11-03,Online,Completed
ORD00664,CUST0116,2025-08-21,Online,Completed
ORD00665,CUST0472,2025-08-06,Online,Completed
ORD00666,CUST0157,2025-07-17,Online,Completed
ORD00667,CUST0285,2024-07-24,Store,Completed
ORD00668,CUST0244,2024-03-15,Store,Cancelled
ORD00669,CUST0209,2025-03-23,Store,Completed
ORD00670,CUST0038,2024-03-16,Online,Completed
ORD00671,CUST0183,2024-07-03,Online,Completed
ORD00672,CUST0486,2024-03-04,Online,Completed
ORD00673,CUST0200,2024-04-26,Distributor,Completed
ORD00674,CUST0271,2025-12-20,Store,Completed
ORD00675,CUST0378,2025-04-28,Online,Completed
ORD00676,CUST0009,2025-05-20,Store,Completed
ORD00677,CUST0128,2024-02-15,Store,Completed
ORD00678,CUST0491,2025-04-19,Store,Completed
ORD00679,CUST0252,2024-08-15,Store,Completed
ORD00680,CUST0192,2024-02-12,Distributor,Completed
ORD00681,CUST0330,2025-06-06,Online,Completed
ORD00682,CUST0415,2024-02-16,Store,Completed
ORD00683,CUST0010,2025-07-24,Distributor,Completed
ORD00684,CUST0112,2025-10-01,Store,Completed
ORD00685,CUST0449,2025-05-20,Store,Completed
ORD00686,CUST0393,2025-01-16,Store,Completed
ORD00687,CUST0301,2024-07-24,Store,Completed
ORD00688,CUST0324,2024-08-08,Distributor,Completed
ORD00689,CUST0140,2024-06-29,Distributor,Completed
ORD00690,CUST0333,2024-02-09,Online,Completed
ORD00691,CUST0208,2025-10-22,Online,Completed
ORD00692,CUST0422,2024-10-07,Online,Completed
ORD00693,CUST0166,2024-11-08,Distributor,Completed
ORD00694,CUST0312,2025-10-24,Store,Completed
ORD00695,CUST0027,2025-07-23,Online,Cancelled
ORD00696,CUST0343,2024-12-29,Online,Completed
ORD00697,CUST0342,2025-12-22,Distributor,Completed
ORD00698,CUST0409,2025-11-05,Store,Completed
ORD00699,CUST0097,2025-06-27,Online,Cancelled
ORD00700,CUST0113,2025-02-02,Distributor,Completed
ORD00701,CUST0284,2025-04-10,Online,Completed
ORD00702,CUST0060,2024-04-04,Online,Completed
ORD00703,CUST0165,2025-04-01,Online,Completed
ORD00704,CUST0077,2025-01-26,Distributor,Completed
ORD00705,CUST0454,2025-01-28,Store,Completed
ORD00706,CUST0429,2024-05-05,Store,Completed
ORD00707,CUST0199,2025-03-09,Store,Completed
ORD00708,CUST0490,2024-06-28,Store,Cancelled
ORD00709,CUST0195,2025-06-07,Distributor,Completed
ORD00710,CUST0023,2025-10-26,Distributor,Completed
ORD00711,CUST0018,2024-04-24,Distributor,Cancelled
ORD00712,CUST0484,2025-06-16,Store,Completed
ORD00713,CUST0092,2025-10-26,Store,Completed
ORD00714,CUST0166,2025-02-19,Store,Completed
ORD00715,CUST0193,2025-12-19,Distributor,Completed
ORD00716,CUST0158,2025-08-14,Distributor,Completed
ORD00717,CUST0274,2025-04-04,Online,Completed
ORD00718,CUST0048,2024-10-28,Distributor,Completed
ORD00719,CUST0013,2024-12-18,Distributor,Completed
ORD00720,CUST0138,2025-07-02,Distributor,Completed
ORD00721,CUST0432,2025-12-12,Online,Completed
ORD00722,CUST0443,2025-05-14,Store,Cancelled
ORD00723,CUST0034,2024-12-29,Store,Completed
ORD00724,CUST0122,2024-04-22,Distributor,Completed
ORD00725,CUST0045,2025-09-28,Store,Completed
ORD00726,CUST0015,2024-03-19,Online,Completed
ORD00727,CUST0340,2025-07-23,Online,Cancelled
ORD00728,CUST0215,2025-09-21,Store,Completed
ORD00729,CUST0134,2024-04-16,Store,Completed
ORD00730,CUST0223,2025-11-30,Store,Completed
ORD00731,CUST0344,2025-11-26,Distributor,Completed
ORD00732,CUST0288,2025-01-13,Store,Cancelled
ORD00733,CUST0050,2025-03-30,Store,Cancelled
ORD00734,CUST0404,2025-10-30,Store,Cancelled
ORD00735,CUST0112,2024-03-18,Store,Completed
ORD00736,CUST0285,2024-03-11,Distributor,Cancelled
ORD00737,CUST0409,2024-04-30,Store,Completed
ORD00738,CUST0179,2025-05-17,Online,Completed
ORD00739,CUST0081,2024-02-04,Store,Cancelled
ORD00740,CUST0391,2025-10-25,Distributor,Cancelled
ORD00741,CUST0210,2025-08-27,Online,Completed
ORD00742,CUST0102,2024-08-26,Distributor,Cancelled
ORD00743,CUST0095,2024-07-28,Distributor,Completed
ORD00744,CUST0291,2025-01-06,Online,Completed
ORD00745,CUST0005,2025-12-17,Store,Completed
ORD00746,CUST0392,2025-06-23,Online,Completed
ORD00747,CUST0258,2025-08-04,Store,Completed
ORD00748,CUST0396,2024-06-12,Online,Completed
ORD00749,CUST0380,2024-03-15,Online,Cancelled
ORD00750,CUST0235,2024-03-23,Distributor,Completed
ORD00751,CUST0310,2024-10-09,Online,Completed
ORD00752,CUST0150,2024-05-23,Distributor,Completed
ORD00753,CUST0200,2025-08-05,Distributor,Completed
ORD00754,CUST0063,2025-12-18,Store,Completed
ORD00755,CUST0208,2024-09-04,Online,Completed
ORD00756,CUST0237,2025-07-07,Distributor,Completed
ORD00757,CUST0210,2025-08-11,Distributor,Cancelled
ORD00758,CUST0152,2025-01-11,Store,Completed
ORD00759,CUST0328,2025-02-16,Store,Completed
ORD00760,CUST0304,2024-09-26,Online,Completed
ORD00761,CUST0063,2025-05-28,Distributor,Completed
ORD00762,CUST0342,2024-01-14,Store,Cancelled
ORD00763,CUST0278,2025-10-20,Store,Cancelled
ORD00764,CUST0142,2024-03-09,Distributor,Completed
ORD00765,CUST0413,2024-08-20,Online,Completed
ORD00766,CUST0060,2025-10-06,Store,Cancelled
ORD00767,CUST0459,2024-08-29,Distributor,Completed
ORD00768,CUST0480,2024-11-18,Online,Cancelled
ORD00769,CUST0236,2025-08-22,Distributor,Completed
ORD00770,CUST0409,2024-08-14,Online,Completed
ORD00771,CUST0047,2025-07-09,Distributor,Completed
ORD00772,CUST0040,2024-11-06,Distributor,Completed
ORD00773,CUST0185,2024-12-04,Online,Completed
ORD00774,CUST0315,2025-07-05,Online,Cancelled
ORD00775,CUST0387,2024-10-25,Distributor,Completed
ORD00776,CUST0018,2024-11-14,Distributor,Cancelled
ORD00777,CUST0465,2024-07-07,Store,Completed
ORD00778,CUST0295,2024-09-11,Online,Completed
ORD00779,CUST0196,2025-12-02,Online,Completed
ORD00780,CUST0335,2024-11-11,Store,Completed
ORD00781,CUST0039,2025-12-15,Online,Completed
ORD00782,CUST0210,2024-06-13,Online,Completed
ORD00783,CUST0030,2025-01-06,Online,Completed
ORD00784,CUST0489,2025-05-15,Store,Completed
ORD00785,CUST0497,2025-02-17,Online,Completed
ORD00786,CUST0199,2025-05-05,Online,Completed
ORD00787,CUST0386,2025-03-07,Distributor,Completed
ORD00788,CUST0411,2025-12-02,Store,Completed
ORD00789,CUST0345,2025-07-12,Store,Completed
ORD00790,CUST0127,2024-06-29,Online,Completed
ORD00791,CUST0144,2024-10-27,Distributor,Completed
ORD00792,CUST0239,2024-01-28,Online,Completed
ORD00793,CUST0374,2025-02-13,Distributor,Cancelled
ORD00794,CUST0432,2024-02-29,Online,Completed
ORD00795,CUST0232,2024-01-01,Store,Completed
ORD00796,CUST0487,2025-07-18,Online,Cancelled
ORD00797,CUST0263,2024-08-23,Store,Cancelled
ORD00798,CUST0032,2024-05-06,Online,Cancelled
ORD00799,CUST0229,2024-07-10,Online,Completed
ORD00800,CUST0204,2025-04-25,Distributor,Completed
ORD00801,CUST0357,2024-08-18,Distributor,Cancelled
ORD00802,CUST0356,2024-12-13,Distributor,Completed
ORD00803,CUST0003,2024-08-06,Store,Completed
ORD00804,CUST0187,2024-07-14,Store,Completed
ORD00805,CUST0076,2025-09-28,Online,Completed
ORD00806,CUST0236,2024-08-02,Store,Completed
ORD00807,CUST0200,2025-07-16,Store,Completed
ORD00808,CUST0259,2024-06-24,Distributor,Completed
ORD00809,CUST0134,2025-09-18,Online,Completed
ORD00810,CUST0081,2025-02-24,Distributor,Completed
ORD00811,CUST0356,2025-07-04,Online,Cancelled
ORD00812,CUST0261,2024-05-17,Distributor,Completed
ORD00813,CUST0108,2025-06-23,Online,Completed
ORD00814,CUST0390,2024-11-13,Online,Completed
ORD00815,CUST0139,2024-01-09,Store,Cancelled
ORD00816,CUST0318,2024-09-29,Store,Completed
ORD00817,CUST0279,2024-11-30,Distributor,Completed
ORD00818,CUST0342,2024-02-14,Online,Completed
ORD00819,CUST0183,2024-04-01,Online,Completed
ORD00820,CUST0215,2025-01-14,Distributor,Completed
ORD00821,CUST0087,2024-10-19,Distributor,Completed
ORD00822,CUST0449,2025-03-18,Distributor,Completed
ORD00823,CUST0253,2025-09-17,Distributor,Completed
ORD00824,CUST0219,2025-06-24,Store,Completed
ORD00825,CUST0381,2024-07-26,Online,Completed
ORD00826,CUST0074,2025-04-18,Store,Completed
ORD00827,CUST0366,2025-10-19,Online,Completed
ORD00828,CUST0053,2024-02-18,Distributor,Cancelled
ORD00829,CUST0306,2024-10-07,Distributor,Completed
ORD00830,CUST0295,2024-05-04,Online,Completed
ORD00831,CUST0004,2025-10-12,Online,Completed
ORD00832,CUST0049,2025-12-07,Store,Completed
ORD00833,CUST0141,2025-04-01,Distributor,Completed
ORD00834,CUST0361,2024-07-10,Store,Completed
ORD00835,CUST0370,2025-05-31,Online,Completed
ORD00836,CUST0065,2024-05-23,Distributor,Completed
ORD00837,CUST0443,2024-03-02,Store,Completed
ORD00838,CUST0419,2024-09-04,Online,Completed
ORD00839,CUST0273,2025-02-16,Online,Cancelled
ORD00840,CUST0451,2024-03-23,Distributor,Completed
ORD00841,CUST0342,2025-12-24,Store,Completed
ORD00842,CUST0270,2025-12-22,Store,Completed
ORD00843,CUST0408,2024-07-20,Store,Cancelled
ORD00844,CUST0415,2024-03-14,Store,Completed
ORD00845,CUST0028,2024-09-25,Distributor,Completed
ORD00846,CUST0153,2024-07-08,Online,Completed
ORD00847,CUST0219,2024-03-05,Distributor,Cancelled
ORD00848,CUST0278,2025-07-30,Store,Completed
ORD00849,CUST0409,2024-12-30,Online,Cancelled
ORD00850,CUST0335,2024-08-17,Store,Cancelled
ORD00851,CUST0002,2025-11-22,Store,Completed
ORD00852,CUST0089,2025-03-05,Store,Cancelled
ORD00853,CUST0188,2024-07-21,Online,Completed
ORD00854,CUST0182,2025-11-24,Distributor,Completed
ORD00855,CUST0243,2024-08-18,Distributor,Completed
ORD00856,CUST0496,2024-03-06,Store,Completed
ORD00857,CUST0413,2024-10-25,Store,Completed
ORD00858,CUST0293,2025-09-23,Store,Completed
ORD00859,CUST0250,2024-11-04,Distributor,Completed
ORD00860,CUST0206,2025-12-06,Online,Completed
ORD00861,CUST0152,2025-02-17,Distributor,Completed
ORD00862,CUST0164,2024-11-03,Distributor,Cancelled
ORD00863,CUST0268,2025-12-10,Online,Completed
ORD00864,CUST0061,2025-12-12,Online,Cancelled
ORD00865,CUST0031,2025-07-03,Distributor,Completed
ORD00866,CUST0140,2024-05-15,Store,Cancelled
ORD00867,CUST0335,2024-09-28,Online,Completed
ORD00868,CUST0243,2024-03-24,Online,Completed
ORD00869,CUST0259,2025-07-08,Distributor,Completed
ORD00870,CUST0234,2025-06-11,Distributor,Cancelled
ORD00871,CUST0353,2025-04-11,Store,Completed
ORD00872,CUST0073,2025-04-15,Distributor,Cancelled
ORD00873,CUST0370,2024-01-27,Store,Cancelled
ORD00874,CUST0281,2024-03-26,Online,Completed
ORD00875,CUST0465,2025-11-17,Distributor,Cancelled
ORD00876,CUST0448,2025-01-13,Store,Cancelled
ORD00877,CUST0035,2024-11-18,Online,Completed
ORD00878,CUST0434,2024-02-05,Distributor,Completed
ORD00879,CUST0150,2025-02-27,Distributor,Completed
ORD00880,CUST0374,2024-11-11,Online,Completed
ORD00881,CUST0363,2024-10-28,Distributor,Completed
ORD00882,CUST0492,2025-03-31,Store,Completed
ORD00883,CUST0248,2024-11-02,Online,Completed
ORD00884,CUST0297,2025-07-17,Distributor,Completed
ORD00885,CUST0270,2024-08-29,Online,Completed
ORD00886,CUST0415,2024-01-07,Store,Cancelled
ORD00887,CUST0100,2024-11-01,Store,Completed
ORD00888,CUST0386,2025-09-25,Distributor,Completed
ORD00889,CUST0476,2024-08-31,Store,Completed
ORD00890,CUST0499,2025-07-30,Online,Completed
ORD00891,CUST0060,2025-11-23,Online,Cancelled
ORD00892,CUST0189,2024-03-03,Store,Completed
ORD00893,CUST0393,2024-09-03,Online,Cancelled
ORD00894,CUST0427,2024-08-11,Online,Completed
ORD00895,CUST0268,2024-08-28,Store,Completed
ORD00896,CUST0104,2025-08-21,Store,Completed
ORD00897,CUST0189,2024-07-27,Distributor,Completed
ORD00898,CUST0470,2025-07-28,Online,Completed
ORD00899,CUST0082,2024-03-14,Distributor,Cancelled
ORD00900,CUST0244,2025-12-25,Distributor,Completed
ORD00901,CUST0454,2025-05-25,Store,Completed
ORD00902,CUST0014,2024-04-27,Distributor,Completed
ORD00903,CUST0096,2025-07-01,Online,Completed
ORD00904,CUST0347,2024-09-02,Online,Completed
ORD00905,CUST0171,2025-10-16,Store,Completed
ORD00906,CUST0113,2024-10-21,Online,Completed
ORD00907,CUST0021,2024-05-28,Online,Completed
ORD00908,CUST0406,2024-09-28,Distributor,Completed
ORD00909,CUST0451,2025-08-26,Online,Cancelled
ORD00910,CUST0221,2024-12-01,Online,Completed
ORD00911,CUST0287,2024-08-10,Store,Completed
ORD00912,CUST0425,2025-04-06,Online,Cancelled
ORD00913,CUST0491,2025-08-16,Online,Cancelled
ORD00914,CUST0351,2024-04-02,Distributor,Completed
ORD00915,CUST0441,2024-10-05,Online,Completed
ORD00916,CUST0079,2024-12-29,Online,Cancelled
ORD00917,CUST0290,2024-05-16,Distributor,Cancelled
ORD00918,CUST0166,2024-03-29,Online,Cancelled
ORD00919,CUST0147,2024-07-16,Online,Completed
ORD00920,CUST0162,2025-03-26,Store,Completed
ORD00921,CUST0188,2024-04-24,Store,Completed
ORD00922,CUST0472,2025-12-31,Store,Cancelled
ORD00923,CUST0283,2024-09-12,Online,Completed
ORD00924,CUST0394,2025-07-08,Distributor,Completed
ORD00925,CUST0125,2024-03-17,Online,Completed
ORD00926,CUST0233,2025-08-28,Store,Completed
ORD00927,CUST0053,2025-10-06,Distributor,Completed
ORD00928,CUST0371,2024-10-08,Online,Cancelled
ORD00929,CUST0114,2024-06-24,Online,Completed
ORD00930,CUST0349,2024-10-12,Distributor,Completed
ORD00931,CUST0220,2025-01-11,Distributor,Completed
ORD00932,CUST0437,2024-05-05,Store,Cancelled
ORD00933,CUST0427,2024-06-10,Online,Completed
ORD00934,CUST0067,2024-05-02,Online,Completed
ORD00935,CUST0095,2025-05-23,Online,Completed
ORD00936,CUST0034,2024-11-04,Distributor,Completed
ORD00937,CUST0048,2024-11-23,Online,Completed
ORD00938,CUST0239,2024-01-30,Distributor,Completed
ORD00939,CUST0179,2024-04-16,Distributor,Completed
ORD00940,CUST0402,2025-08-23,Online,Cancelled
ORD00941,CUST0471,2025-09-01,Distributor,Completed
ORD00942,CUST0044,2025-08-01,Online,Completed
ORD00943,CUST0108,2025-10-16,Distributor,Completed
ORD00944,CUST0307,2025-08-14,Store,Completed
ORD00945,CUST0226,2025-01-15,Store,Completed
ORD00946,CUST0225,2024-07-20,Online,Completed
ORD00947,CUST0389,2024-03-06,Store,Completed
ORD00948,CUST0295,2024-06-02,Online,Cancelled
ORD00949,CUST0390,2025-02-20,Distributor,Completed
ORD00950,CUST0409,2025-12-17,Online,Completed
ORD00951,CUST0338,2024-01-23,Distributor,Completed
ORD00952,CUST0175,2024-02-01,Store,Completed
ORD00953,CUST0110,2024-11-07,Store,Completed
ORD00954,CUST0181,2024-04-27,Store,Completed
ORD00955,CUST0311,2025-10-14,Online,Completed
ORD00956,CUST0030,2024-10-13,Store,Completed
ORD00957,CUST0281,2025-09-05,Online,Completed
ORD00958,CUST0412,2025-10-28,Distributor,Completed
ORD00959,CUST0019,2024-06-13,Store,Cancelled
ORD00960,CUST0190,2024-04-06,Distributor,Completed
ORD00961,CUST0240,2024-09-20,Distributor,Completed
ORD00962,CUST0056,2024-03-21,Online,Completed
ORD00963,CUST0148,2025-06-29,Online,Completed
ORD00964,CUST0420,2024-06-10,Store,Completed
ORD00965,CUST0444,2025-05-27,Distributor,Completed
ORD00966,CUST0071,2024-08-03,Online,Cancelled
ORD00967,CUST0251,2025-08-17,Distributor,Completed
ORD00968,CUST0293,2025-08-13,Store,Completed
ORD00969,CUST0012,2024-02-21,Distributor,Completed
ORD00970,CUST0361,2024-09-05,Online,Cancelled
ORD00971,CUST0252,2025-09-09,Online,Completed
ORD00972,CUST0465,2025-11-07,Online,Completed
ORD00973,CUST0238,2024-01-27,Online,Completed
ORD00974,CUST0449,2025-01-03,Store,Completed
ORD00975,CUST0384,2025-05-25,Online,Completed
ORD00976,CUST0323,2024-06-24,Store,Completed
ORD00977,CUST0495,2024-11-13,Distributor,Completed
ORD00978,CUST0256,2024-03-09,Store,Completed
ORD00979,CUST0056,2025-02-07,Online,Completed
ORD00980,CUST0038,2025-05-15,Online,Completed
ORD00981,CUST0168,2025-08-28,Store,Completed
ORD00982,CUST0293,2024-04-20,Distributor,Completed
ORD00983,CUST0142,2025-09-25,Store,Completed
ORD00984,CUST0178,2024-01-03,Distributor,Completed
ORD00985,CUST0202,2025-12-21,Distributor,Cancelled
ORD00986,CUST0216,2024-06-24,Distributor,Completed
ORD00987,CUST0078,2025-08-31,Online,Completed
ORD00988,CUST0199,2024-06-24,Online,Cancelled
ORD00989,CUST0263,2024-12-08,Store,Completed
ORD00990,CUST0114,2024-01-21,Store,Completed
ORD00991,CUST0213,2025-03-28,Distributor,Cancelled
ORD00992,CUST0213,2024-05-13,Online,Completed
ORD00993,CUST0160,2025-03-06,Store,Completed
ORD00994,CUST0115,2025-04-12,Online,Completed
ORD00995,CUST0091,2025-10-26,Distributor,Completed
ORD00996,CUST0487,2024-06-25,Online,Completed
ORD00997,CUST0246,2025-08-12,Online,Completed
ORD00998,CUST0320,2024-10-07,Online,Completed
ORD00999,CUST0087,2024-04-14,Distributor,Completed
ORD01000,CUST0271,2024-12-09,Store,Cancelled
ORD01001,CUST0158,2024-02-08,Online,Completed
ORD01002,CUST0429,2025-01-25,Online,Completed
ORD01003,CUST0285,2025-07-26,Online,Completed
ORD01004,CUST0134,2024-04-07,Distributor,Cancelled
ORD01005,CUST0114,2025-09-05,Distributor,Cancelled
ORD01006,CUST0108,2024-03-01,Distributor,Completed
ORD01007,CUST0013,2025-07-01,Distributor,Completed
ORD01008,CUST0452,2025-08-14,Online,Completed
ORD01009,CUST0133,2024-12-31,Online,Completed
ORD01010,CUST0254,2025-11-03,Distributor,Completed
ORD01011,CUST0452,2025-04-29,Distributor,Completed
ORD01012,CUST0381,2025-11-08,Store,Completed
ORD01013,CUST0259,2025-06-20,Store,Completed
ORD01014,CUST0449,2025-10-01,Online,Completed
ORD01015,CUST0421,2025-05-06,Store,Completed
ORD01016,CUST0319,2025-10-18,Store,Completed
ORD01017,CUST0184,2025-01-04,Online,Completed
ORD01018,CUST0236,2025-10-16,Distributor,Completed
ORD01019,CUST0491,2024-03-13,Store,Completed
ORD01020,CUST0389,2024-10-12,Store,Completed
ORD01021,CUST0080,2024-05-01,Distributor,Completed
ORD01022,CUST0078,2025-11-07,Online,Cancelled
ORD01023,CUST0292,2025-06-26,Online,Completed
ORD01024,CUST0483,2025-03-21,Online,Completed
ORD01025,CUST0143,2024-05-23,Distributor,Cancelled
ORD01026,CUST0292,2025-01-17,Online,Completed
ORD01027,CUST0071,2025-08-01,Store,Completed
ORD01028,CUST0357,2025-03-28,Store,Completed
ORD01029,CUST0195,2025-06-17,Store,Completed
ORD01030,CUST0107,2024-11-16,Online,Completed
ORD01031,CUST0309,2025-11-11,Distributor,Completed
ORD01032,CUST0048,2025-08-10,Online,Completed
ORD01033,CUST0163,2025-01-09,Distributor,Completed
ORD01034,CUST0376,2024-03-04,Store,Cancelled
ORD01035,CUST0141,2024-05-05,Store,Completed
ORD01036,CUST0215,2025-07-27,Store,Cancelled
ORD01037,CUST0464,2024-09-21,Store,Completed
ORD01038,CUST0471,2024-02-18,Online,Completed
ORD01039,CUST0055,2025-05-22,Online,Completed
ORD01040,CUST0273,2025-03-07,Store,Cancelled
ORD01041,CUST0265,2025-02-04,Store,Completed
ORD01042,CUST0352,2025-12-18,Distributor,Completed
ORD01043,CUST0462,2024-03-30,Store,Cancelled
ORD01044,CUST0057,2025-08-17,Distributor,Completed
ORD01045,CUST0006,2025-07-04,Distributor,Completed
ORD01046,CUST0358,2024-06-16,Distributor,Completed
ORD01047,CUST0037,2025-08-15,Distributor,Completed
ORD01048,CUST0003,2024-03-27,Online,Completed
ORD01049,CUST0499,2024-03-08,Online,Completed
ORD01050,CUST0211,2024-12-08,Distributor,Cancelled
ORD01051,CUST0251,2025-03-15,Store,Completed
ORD01052,CUST0211,2024-10-27,Store,Completed
ORD01053,CUST0382,2025-04-05,Online,Completed
ORD01054,CUST0376,2024-09-11,Store,Cancelled
ORD01055,CUST0259,2025-02-26,Online,Completed
ORD01056,CUST0063,2025-12-25,Store,Completed
ORD01057,CUST0241,2025-01-08,Online,Completed
ORD01058,CUST0033,2024-03-01,Online,Completed
ORD01059,CUST0448,2025-08-16,Online,Completed
ORD01060,CUST0169,2024-10-12,Online,Completed
ORD01061,CUST0209,2024-09-14,Distributor,Completed
ORD01062,CUST0289,2025-08-08,Distributor,Completed
ORD01063,CUST0355,2025-01-22,Distributor,Completed
ORD01064,CUST0287,2024-07-14,Online,Cancelled
ORD01065,CUST0044,2024-05-31,Online,Completed
ORD01066,CUST0296,2025-11-08,Online,Cancelled
ORD01067,CUST0252,2025-10-15,Distributor,Completed
ORD01068,CUST0373,2024-06-08,Store,Completed
ORD01069,CUST0496,2025-08-20,Online,Completed
ORD01070,CUST0411,2024-04-07,Store,Completed
ORD01071,CUST0433,2025-08-06,Store,Completed
ORD01072,CUST0032,2025-06-07,Store,Completed
ORD01073,CUST0143,2024-09-22,Online,Cancelled
ORD01074,CUST0260,2025-09-10,Store,Completed
ORD01075,CUST0407,2025-01-03,Distributor,Completed
ORD01076,CUST0318,2025-01-02,Online,Completed
ORD01077,CUST0107,2024-03-20,Online,Completed
ORD01078,CUST0125,2024-03-23,Store,Completed
ORD01079,CUST0015,2024-01-29,Distributor,Completed
ORD01080,CUST0294,2024-09-11,Distributor,Completed
ORD01081,CUST0018,2025-11-20,Distributor,Completed
ORD01082,CUST0475,2024-11-29,Online,Completed
ORD01083,CUST0315,2024-08-13,Online,Completed
ORD01084,CUST0236,2025-05-08,Distributor,Completed
ORD01085,CUST0240,2025-01-02,Online,Completed
ORD01086,CUST0205,2024-05-01,Store,Completed
ORD01087,CUST0005,2024-08-23,Store,Completed
ORD01088,CUST0285,2024-06-18,Online,Completed
ORD01089,CUST0281,2025-11-26,Distributor,Completed
ORD01090,CUST0105,2025-04-18,Store,Cancelled
ORD01091,CUST0408,2024-10-26,Online,Completed
ORD01092,CUST0062,2024-07-31,Store,Completed
ORD01093,CUST0170,2025-11-19,Store,Completed
ORD01094,CUST0456,2025-08-02,Online,Cancelled
ORD01095,CUST0167,2024-03-06,Distributor,Cancelled
ORD01096,CUST0340,2025-06-03,Distributor,Completed
ORD01097,CUST0040,2025-11-15,Online,Completed
ORD01098,CUST0294,2024-07-22,Distributor,Completed
ORD01099,CUST0366,2025-03-07,Distributor,Completed
ORD01100,CUST0359,2025-03-27,Distributor,Completed
ORD01101,CUST0415,2025-05-02,Store,Completed
ORD01102,CUST0251,2025-10-01,Distributor,Completed
ORD01103,CUST0019,2025-11-29,Store,Completed
ORD01104,CUST0357,2024-04-11,Online,Completed
ORD01105,CUST0392,2024-10-21,Distributor,Completed
ORD01106,CUST0226,2025-07-23,Store,Cancelled
ORD01107,CUST0080,2024-01-14,Distributor,Completed
ORD01108,CUST0321,2024-06-02,Online,Completed
ORD01109,CUST0479,2024-05-25,Distributor,Completed
ORD01110,CUST0027,2024-11-08,Online,Cancelled
ORD01111,CUST0238,2025-12-08,Distributor,Completed
ORD01112,CUST0232,2025-01-13,Online,Completed
ORD01113,CUST0472,2025-07-07,Store,Completed
ORD01114,CUST0416,2025-04-15,Online,Completed
ORD01115,CUST0162,2025-06-28,Store,Cancelled
ORD01116,CUST0136,2025-12-31,Store,Completed
ORD01117,CUST0225,2025-02-05,Store,Cancelled
ORD01118,CUST0244,2024-10-11,Online,Completed
ORD01119,CUST0430,2024-10-22,Distributor,Completed
ORD01120,CUST0448,2024-03-07,Online,Completed
ORD01121,CUST0359,2024-05-29,Distributor,Completed
ORD01122,CUST0081,2024-01-10,Store,Completed
ORD01123,CUST0151,2025-03-09,Distributor,Cancelled
ORD01124,CUST0153,2025-02-09,Distributor,Completed
ORD01125,CUST0280,2025-03-06,Store,Completed
ORD01126,CUST0276,2025-12-15,Store,Completed
ORD01127,CUST0114,2025-08-29,Distributor,Completed
ORD01128,CUST0351,2025-08-25,Online,Completed
ORD01129,CUST0274,2025-06-06,Distributor,Cancelled
ORD01130,CUST0347,2025-02-27,Online,Completed
ORD01131,CUST0022,2025-02-02,Online,Completed
ORD01132,CUST0082,2024-12-27,Online,Completed
ORD01133,CUST0191,2024-01-17,Distributor,Completed
ORD01134,CUST0453,2024-11-01,Distributor,Completed
ORD01135,CUST0424,2024-05-03,Store,Completed
ORD01136,CUST0448,2025-12-31,Distributor,Completed
ORD01137,CUST0250,2025-11-23,Store,Completed
ORD01138,CUST0142,2025-01-11,Distributor,Completed
ORD01139,CUST0136,2024-05-22,Online,Cancelled
ORD01140,CUST0359,2025-02-27,Store,Completed
ORD01141,CUST0350,2024-05-16,Online,Completed
ORD01142,CUST0075,2024-09-20,Online,Cancelled
ORD01143,CUST0473,2025-02-28,Store,Completed
ORD01144,CUST0410,2024-03-11,Online,Cancelled
ORD01145,CUST0465,2024-09-14,Store,Cancelled
ORD01146,CUST0365,2024-05-29,Distributor,Completed
ORD01147,CUST0097,2025-02-10,Distributor,Completed
ORD01148,CUST0333,2024-06-20,Store,Completed
ORD01149,CUST0340,2025-10-17,Online,Completed
ORD01150,CUST0497,2024-04-04,Online,Completed
ORD01151,CUST0166,2024-10-19,Distributor,Completed
ORD01152,CUST0197,2024-12-09,Store,Completed
ORD01153,CUST0014,2025-04-08,Store,Completed
ORD01154,CUST0305,2025-08-29,Online,Completed
ORD01155,CUST0373,2025-09-17,Store,Completed
ORD01156,CUST0165,2025-05-14,Store,Completed
ORD01157,CUST0104,2025-03-17,Online,Completed
ORD01158,CUST0466,2025-01-07,Distributor,Completed
ORD01159,CUST0361,2025-01-30,Online,Completed
ORD01160,CUST0442,2024-09-14,Store,Completed
ORD01161,CUST0206,2025-02-17,Distributor,Completed
ORD01162,CUST0195,2025-09-08,Online,Completed
ORD01163,CUST0051,2024-05-12,Online,Completed
ORD01164,CUST0081,2025-11-13,Online,Completed
ORD01165,CUST0065,2025-07-19,Online,Cancelled
ORD01166,CUST0464,2025-07-10,Online,Completed
ORD01167,CUST0375,2024-10-22,Online,Completed
ORD01168,CUST0262,2024-06-06,Online,Cancelled
ORD01169,CUST0382,2025-07-28,Store,Completed
ORD01170,CUST0434,2025-11-07,Distributor,Completed
ORD01171,CUST0038,2025-10-08,Distributor,Completed
ORD01172,CUST0406,2024-04-12,Distributor,Completed
ORD01173,CUST0440,2025-07-22,Distributor,Completed
ORD01174,CUST0345,2024-03-08,Online,Completed
ORD01175,CUST0397,2024-12-07,Store,Completed
ORD01176,CUST0408,2024-01-03,Distributor,Completed
ORD01177,CUST0029,2024-03-07,Online,Completed
ORD01178,CUST0144,2025-05-18,Distributor,Completed
ORD01179,CUST0337,2024-11-23,Distributor,Completed
ORD01180,CUST0020,2025-07-03,Store,Completed
ORD01181,CUST0160,2025-03-13,Online,Completed
ORD01182,CUST0119,2025-07-07,Distributor,Cancelled
ORD01183,CUST0341,2025-10-01,Distributor,Completed
ORD01184,CUST0353,2024-07-05,Store,Completed
ORD01185,CUST0254,2024-11-16,Online,Completed
ORD01186,CUST0223,2024-07-21,Store,Completed
ORD01187,CUST0058,2024-04-28,Store,Cancelled
ORD01188,CUST0453,2024-11-01,Distributor,Completed
ORD01189,CUST0133,2024-10-22,Distributor,Cancelled
ORD01190,CUST0143,2025-01-20,Online,Completed
ORD01191,CUST0183,2024-01-18,Online,Completed
ORD01192,CUST0113,2025-08-11,Distributor,Completed
ORD01193,CUST0443,2024-05-03,Store,Completed
ORD01194,CUST0145,2024-07-29,Online,Cancelled
ORD01195,CUST0383,2024-11-03,Online,Cancelled
ORD01196,CUST0413,2025-08-05,Distributor,Completed
ORD01197,CUST0069,2024-05-03,Store,Completed
ORD01198,CUST0404,2025-11-07,Online,Completed
ORD01199,CUST0395,2025-05-15,Online,Completed
ORD01200,CUST0306,2025-10-19,Distributor,Completed
ORD01201,CUST0348,2025-04-19,Distributor,Completed
ORD01202,CUST0114,2024-10-23,Distributor,Completed
ORD01203,CUST0352,2024-01-31,Distributor,Cancelled
ORD01204,CUST0215,2024-10-27,Online,Completed
ORD01205,CUST0401,2024-01-16,Store,Completed
ORD01206,CUST0263,2024-12-31,Distributor,Cancelled
ORD01207,CUST0109,2025-11-12,Online,Completed
ORD01208,CUST0036,2024-10-15,Distributor,Completed
ORD01209,CUST0269,2025-01-03,Distributor,Completed
ORD01210,CUST0082,2025-02-12,Online,Cancelled
ORD01211,CUST0046,2024-09-02,Store,Completed
ORD01212,CUST0459,2025-03-21,Distributor,Cancelled
ORD01213,CUST0217,2025-01-24,Online,Completed
ORD01214,CUST0012,2025-05-29,Store,Cancelled
ORD01215,CUST0107,2024-09-06,Distributor,Completed
ORD01216,CUST0241,2024-03-16,Distributor,Completed
ORD01217,CUST0298,2024-03-25,Distributor,Completed
ORD01218,CUST0358,2025-07-16,Store,Cancelled
ORD01219,CUST0446,2024-02-29,Distributor,Completed
ORD01220,CUST0105,2024-09-02,Distributor,Cancelled
ORD01221,CUST0021,2025-12-20,Online,Cancelled
ORD01222,CUST0444,2025-01-04,Online,Completed
ORD01223,CUST0427,2024-11-24,Distributor,Completed
ORD01224,CUST0472,2025-04-13,Distributor,Completed
ORD01225,CUST0353,2024-11-07,Store,Completed
ORD01226,CUST0066,2024-08-02,Distributor,Cancelled
ORD01227,CUST0286,2024-04-16,Store,Completed
ORD01228,CUST0216,2025-09-18,Distributor,Completed
ORD01229,CUST0261,2024-08-26,Online,Cancelled
ORD01230,CUST0301,2024-12-31,Online,Completed
ORD01231,CUST0334,2024-11-04,Store,Completed
ORD01232,CUST0269,2025-05-23,Distributor,Completed
ORD01233,CUST0353,2025-06-21,Store,Completed
ORD01234,CUST0392,2024-06-13,Distributor,Completed
ORD01235,CUST0301,2025-08-20,Distributor,Completed
ORD01236,CUST0183,2024-11-26,Online,Completed
ORD01237,CUST0386,2024-05-28,Store,Completed
ORD01238,CUST0098,2024-03-09,Online,Completed
ORD01239,CUST0002,2025-09-07,Store,Completed
ORD01240,CUST0086,2024-10-30,Store,Completed
ORD01241,CUST0272,2025-07-21,Distributor,Completed
ORD01242,CUST0121,2025-08-12,Distributor,Completed
ORD01243,CUST0428,2025-11-11,Distributor,Completed
ORD01244,CUST0210,2024-12-29,Store,Completed
ORD01245,CUST0392,2024-12-14,Online,Completed
ORD01246,CUST0042,2025-11-28,Distributor,Completed
ORD01247,CUST0280,2024-05-08,Store,Completed
ORD01248,CUST0462,2024-01-27,Distributor,Cancelled
ORD01249,CUST0247,2024-11-07,Distributor,Completed
ORD01250,CUST0489,2024-01-08,Distributor,Cancelled
ORD01251,CUST0226,2025-01-03,Store,Completed
ORD01252,CUST0112,2024-11-03,Online,Completed
ORD01253,CUST0037,2024-03-03,Store,Completed
ORD01254,CUST0174,2024-01-25,Store,Completed
ORD01255,CUST0186,2025-07-12,Online,Completed
ORD01256,CUST0417,2024-03-14,Distributor,Completed
ORD01257,CUST0304,2025-05-25,Online,Cancelled
ORD01258,CUST0302,2024-12-07,Online,Completed
ORD01259,CUST0456,2024-01-26,Distributor,Cancelled
ORD01260,CUST0218,2025-01-18,Store,Completed
ORD01261,CUST0069,2024-08-02,Distributor,Cancelled
ORD01262,CUST0177,2024-10-08,Store,Cancelled
ORD01263,CUST0349,2024-10-31,Online,Completed
ORD01264,CUST0066,2025-05-01,Online,Cancelled
ORD01265,CUST0456,2024-10-08,Store,Completed
ORD01266,CUST0229,2024-03-16,Store,Cancelled
ORD01267,CUST0400,2024-07-18,Distributor,Cancelled
ORD01268,CUST0441,2025-12-09,Distributor,Cancelled
ORD01269,CUST0462,2024-01-16,Distributor,Completed
ORD01270,CUST0489,2024-04-23,Distributor,Completed
ORD01271,CUST0181,2025-10-29,Distributor,Cancelled
ORD01272,CUST0440,2024-08-27,Online,Completed
ORD01273,CUST0224,2025-10-17,Store,Completed
ORD01274,CUST0375,2025-07-15,Store,Completed
ORD01275,CUST0280,2025-12-19,Distributor,Completed
ORD01276,CUST0259,2025-04-11,Distributor,Cancelled
ORD01277,CUST0305,2025-09-03,Online,Completed
ORD01278,CUST0175,2024-09-07,Distributor,Completed
ORD01279,CUST0388,2025-06-02,Distributor,Completed
ORD01280,CUST0496,2025-02-23,Distributor,Completed
ORD01281,CUST0297,2024-02-23,Online,Completed
ORD01282,CUST0202,2025-04-13,Online,Completed
ORD01283,CUST0372,2025-02-20,Distributor,Completed
ORD01284,CUST0290,2025-06-25,Online,Completed
ORD01285,CUST0168,2025-03-28,Online,Completed
ORD01286,CUST0114,2024-11-12,Store,Completed
ORD01287,CUST0138,2025-03-18,Store,Completed
ORD01288,CUST0284,2024-11-07,Online,Completed
ORD01289,CUST0495,2024-07-27,Online,Cancelled
ORD01290,CUST0476,2024-08-24,Online,Completed
ORD01291,CUST0017,2025-01-18,Online,Completed
ORD01292,CUST0331,2025-04-03,Online,Completed
ORD01293,CUST0253,2024-07-08,Online,Completed
ORD01294,CUST0394,2025-12-08,Distributor,Completed
ORD01295,CUST0377,2025-09-30,Distributor,Completed
ORD01296,CUST0451,2024-01-24,Online,Completed
ORD01297,CUST0450,2024-04-12,Distributor,Completed
ORD01298,CUST0014,2024-09-18,Distributor,Completed
ORD01299,CUST0375,2024-12-18,Online,Completed
ORD01300,CUST0486,2025-11-15,Distributor,Completed
ORD01301,CUST0456,2025-11-09,Distributor,Completed
ORD01302,CUST0211,2024-02-02,Distributor,Completed
ORD01303,CUST0388,2024-07-22,Store,Completed
ORD01304,CUST0041,2025-11-19,Distributor,Completed
ORD01305,CUST0354,2025-10-06,Store,Cancelled
ORD01306,CUST0318,2025-03-11,Distributor,Cancelled
ORD01307,CUST0092,2024-08-18,Distributor,Completed
ORD01308,CUST0107,2024-04-06,Store,Completed
ORD01309,CUST0032,2025-11-12,Online,Completed
ORD01310,CUST0424,2025-09-25,Store,Completed
ORD01311,CUST0290,2025-04-28,Distributor,Completed
ORD01312,CUST0044,2024-01-05,Store,Completed
ORD01313,CUST0203,2024-09-07,Online,Cancelled
ORD01314,CUST0461,2024-06-16,Online,Completed
ORD01315,CUST0117,2024-11-05,Store,Completed
ORD01316,CUST0445,2024-12-21,Online,Completed
ORD01317,CUST0339,2024-04-18,Distributor,Cancelled
ORD01318,CUST0301,2024-03-18,Online,Cancelled
ORD01319,CUST0341,2025-11-26,Online,Completed
ORD01320,CUST0355,2025-09-10,Distributor,Completed
ORD01321,CUST0406,2024-08-31,Online,Completed
ORD01322,CUST0106,2025-07-18,Distributor,Cancelled
ORD01323,CUST0039,2025-01-08,Distributor,Completed
ORD01324,CUST0004,2025-07-15,Distributor,Completed
ORD01325,CUST0462,2024-10-14,Store,Completed
ORD01326,CUST0360,2024-12-20,Store,Completed
ORD01327,CUST0012,2024-12-26,Distributor,Completed
ORD01328,CUST0208,2025-07-14,Store,Completed
ORD01329,CUST0163,2025-01-01,Store,Completed
ORD01330,CUST0229,2025-05-29,Online,Completed
ORD01331,CUST0029,2025-10-13,Online,Completed
ORD01332,CUST0162,2025-05-27,Distributor,Completed
ORD01333,CUST0232,2024-11-21,Store,Completed
ORD01334,CUST0068,2025-09-30,Distributor,Completed
ORD01335,CUST0467,2024-08-20,Online,Completed
ORD01336,CUST0486,2025-08-15,Distributor,Cancelled
ORD01337,CUST0385,2024-04-24,Distributor,Completed
ORD01338,CUST0297,2024-03-10,Distributor,Completed
ORD01339,CUST0182,2025-01-01,Distributor,Completed
ORD01340,CUST0426,2025-02-14,Store,Completed
ORD01341,CUST0158,2025-01-29,Distributor,Completed
ORD01342,CUST0196,2024-10-26,Online,Completed
ORD01343,CUST0045,2024-04-26,Distributor,Cancelled
ORD01344,CUST0189,2024-02-08,Online,Completed
ORD01345,CUST0495,2025-04-08,Online,Completed
ORD01346,CUST0298,2024-07-06,Online,Completed
ORD01347,CUST0479,2024-09-28,Distributor,Completed
ORD01348,CUST0123,2025-07-13,Store,Completed
ORD01349,CUST0209,2025-06-25,Store,Completed
ORD01350,CUST0301,2025-07-30,Store,Completed
ORD01351,CUST0413,2025-03-17,Online,Completed
ORD01352,CUST0161,2025-11-22,Store,Completed
ORD01353,CUST0201,2024-10-06,Online,Completed
ORD01354,CUST0242,2024-04-01,Distributor,Completed
ORD01355,CUST0458,2025-05-21,Store,Completed
ORD01356,CUST0196,2025-11-18,Online,Completed
ORD01357,CUST0422,2025-06-21,Distributor,Cancelled
ORD01358,CUST0121,2024-07-27,Distributor,Cancelled
ORD01359,CUST0357,2025-02-12,Online,Completed
ORD01360,CUST0398,2025-10-16,Online,Completed
ORD01361,CUST0075,2025-02-09,Distributor,Completed
ORD01362,CUST0458,2025-11-30,Store,Completed
ORD01363,CUST0328,2025-03-27,Online,Completed
ORD01364,CUST0333,2025-04-05,Online,Completed
ORD01365,CUST0326,2024-07-05,Distributor,Completed
ORD01366,CUST0031,2024-08-29,Distributor,Completed
ORD01367,CUST0426,2024-09-07,Online,Cancelled
ORD01368,CUST0490,2024-10-05,Online,Completed
ORD01369,CUST0016,2025-12-18,Distributor,Cancelled
ORD01370,CUST0175,2024-08-06,Distributor,Completed
ORD01371,CUST0302,2024-07-03,Store,Completed
ORD01372,CUST0329,2024-09-04,Store,Completed
ORD01373,CUST0209,2025-02-07,Online,Cancelled
ORD01374,CUST0064,2025-03-12,Store,Completed
ORD01375,CUST0498,2024-05-17,Distributor,Completed
ORD01376,CUST0360,2024-09-08,Store,Completed
ORD01377,CUST0107,2024-10-03,Store,Completed
ORD01378,CUST0356,2024-10-25,Store,Completed
ORD01379,CUST0165,2025-03-09,Online,Completed
ORD01380,CUST0343,2025-02-10,Store,Completed
ORD01381,CUST0300,2025-01-28,Online,Completed
ORD01382,CUST0010,2024-03-24,Store,Completed
ORD01383,CUST0336,2025-01-25,Store,Completed
ORD01384,CUST0307,2025-12-09,Online,Completed
ORD01385,CUST0127,2025-06-28,Store,Completed
ORD01386,CUST0011,2025-03-06,Store,Completed
ORD01387,CUST0463,2025-03-30,Distributor,Cancelled
ORD01388,CUST0030,2025-05-10,Online,Completed
ORD01389,CUST0412,2025-10-24,Distributor,Completed
ORD01390,CUST0478,2024-10-30,Online,Completed
ORD01391,CUST0237,2025-07-05,Online,Completed
ORD01392,CUST0316,2025-02-24,Online,Completed
ORD01393,CUST0225,2025-03-10,Store,Completed
ORD01394,CUST0009,2025-04-13,Online,Completed
ORD01395,CUST0126,2025-10-14,Online,Cancelled
ORD01396,CUST0138,2025-07-19,Store,Cancelled
ORD01397,CUST0162,2025-08-23,Store,Completed
ORD01398,CUST0278,2024-12-08,Distributor,Completed
ORD01399,CUST0393,2024-03-04,Distributor,Completed
ORD01400,CUST0315,2025-04-07,Online,Completed
ORD01401,CUST0188,2024-05-16,Store,Completed
ORD01402,CUST0145,2024-08-02,Distributor,Cancelled
ORD01403,CUST0173,2025-03-09,Distributor,Cancelled
ORD01404,CUST0500,2024-06-26,Distributor,Completed
ORD01405,CUST0470,2025-08-28,Store,Completed
ORD01406,CUST0152,2024-08-01,Distributor,Completed
ORD01407,CUST0473,2024-08-17,Online,Cancelled
ORD01408,CUST0334,2024-11-09,Distributor,Cancelled
ORD01409,CUST0407,2025-04-12,Store,Completed
ORD01410,CUST0025,2024-03-20,Store,Completed
ORD01411,CUST0154,2024-08-30,Online,Completed
ORD01412,CUST0095,2024-04-13,Distributor,Completed
ORD01413,CUST0174,2024-04-09,Distributor,Completed
ORD01414,CUST0413,2024-09-24,Store,Completed
ORD01415,CUST0418,2025-01-20,Distributor,Completed
ORD01416,CUST0135,2025-05-21,Online,Completed
ORD01417,CUST0141,2024-11-24,Distributor,Cancelled
ORD01418,CUST0101,2024-02-27,Distributor,Cancelled
ORD01419,CUST0284,2025-03-30,Store,Cancelled
ORD01420,CUST0409,2024-07-13,Store,Cancelled
ORD01421,CUST0278,2025-05-15,Distributor,Cancelled
ORD01422,CUST0125,2024-07-02,Online,Completed
ORD01423,CUST0109,2025-04-06,Distributor,Cancelled
ORD01424,CUST0163,2024-10-16,Online,Cancelled
ORD01425,CUST0422,2025-04-12,Store,Completed
ORD01426,CUST0286,2025-11-12,Distributor,Completed
ORD01427,CUST0259,2025-02-23,Store,Completed
ORD01428,CUST0183,2025-10-04,Online,Completed
ORD01429,CUST0109,2025-12-01,Online,Completed
ORD01430,CUST0013,2024-07-06,Store,Completed
ORD01431,CUST0047,2024-07-05,Distributor,Cancelled
ORD01432,CUST0170,2025-07-21,Distributor,Cancelled
ORD01433,CUST0004,2025-04-28,Distributor,Completed
ORD01434,CUST0160,2024-06-05,Store,Completed
ORD01435,CUST0260,2024-11-29,Online,Completed
ORD01436,CUST0272,2024-09-20,Distributor,Completed
ORD01437,CUST0090,2025-10-04,Distributor,Cancelled
ORD01438,CUST0033,2024-07-19,Online,Completed
ORD01439,CUST0096,2024-11-17,Distributor,Completed
ORD01440,CUST0447,2025-01-07,Distributor,Completed
ORD01441,CUST0023,2024-11-01,Online,Completed
ORD01442,CUST0067,2024-05-31,Store,Completed
ORD01443,CUST0203,2024-08-16,Store,Completed
ORD01444,CUST0409,2025-10-06,Distributor,Completed
ORD01445,CUST0003,2025-11-24,Store,Completed
ORD01446,CUST0273,2025-05-19,Store,Completed
ORD01447,CUST0151,2024-11-21,Distributor,Completed
ORD01448,CUST0051,2025-05-09,Distributor,Cancelled
ORD01449,CUST0465,2024-05-06,Online,Completed
ORD01450,CUST0164,2024-05-03,Store,Completed
ORD01451,CUST0027,2025-09-12,Distributor,Completed
ORD01452,CUST0163,2024-02-25,Distributor,Completed
ORD01453,CUST0018,2024-07-17,Online,Completed
ORD01454,CUST0409,2024-12-13,Distributor,Cancelled
ORD01455,CUST0285,2025-04-24,Distributor,Completed
ORD01456,CUST0159,2024-09-22,Store,Completed
ORD01457,CUST0326,2025-12-02,Online,Completed
ORD01458,CUST0253,2024-04-21,Online,Completed
ORD01459,CUST0178,2025-07-26,Store,Completed
ORD01460,CUST0321,2025-01-01,Distributor,Completed
ORD01461,CUST0073,2024-09-04,Online,Completed
ORD01462,CUST0113,2025-04-14,Distributor,Completed
ORD01463,CUST0087,2024-02-17,Distributor,Completed
ORD01464,CUST0205,2025-12-22,Distributor,Completed
ORD01465,CUST0070,2024-09-19,Store,Completed
ORD01466,CUST0073,2025-07-09,Store,Cancelled
ORD01467,CUST0417,2025-05-06,Distributor,Completed
ORD01468,CUST0437,2024-02-26,Distributor,Completed
ORD01469,CUST0047,2024-10-12,Store,Completed
ORD01470,CUST0354,2024-02-01,Distributor,Completed
ORD01471,CUST0220,2024-06-04,Online,Completed
ORD01472,CUST0389,2024-02-20,Online,Completed
ORD01473,CUST0424,2025-06-20,Distributor,Completed
ORD01474,CUST0335,2025-11-18,Distributor,Completed
ORD01475,CUST0444,2025-09-11,Distributor,Cancelled
ORD01476,CUST0013,2024-10-11,Distributor,Completed
ORD01477,CUST0130,2024-02-09,Store,Completed
ORD01478,CUST0120,2025-11-03,Online,Completed
ORD01479,CUST0095,2025-08-03,Store,Completed
ORD01480,CUST0445,2024-10-24,Online,Completed
ORD01481,CUST0433,2024-09-17,Distributor,Completed
ORD01482,CUST0454,2025-03-13,Online,Completed
ORD01483,CUST0092,2025-09-16,Store,Completed
ORD01484,CUST0162,2025-07-04,Store,Completed
ORD01485,CUST0280,2025-03-22,Store,Completed
ORD01486,CUST0384,2025-06-07,Store,Completed
ORD01487,CUST0498,2025-01-13,Store,Completed
ORD01488,CUST0366,2024-12-19,Store,Cancelled
ORD01489,CUST0006,2025-03-25,Online,Completed
ORD01490,CUST0278,2024-05-22,Distributor,Completed
ORD01491,CUST0462,2024-03-01,Distributor,Cancelled
ORD01492,CUST0424,2025-03-04,Store,Completed
ORD01493,CUST0232,2024-02-12,Distributor,Completed
ORD01494,CUST0241,2025-09-08,Distributor,Cancelled
ORD01495,CUST0418,2024-02-17,Distributor,Completed
ORD01496,CUST0300,2024-03-15,Store,Completed
ORD01497,CUST0485,2024-12-11,Store,Completed
ORD01498,CUST0269,2025-10-11,Store,Completed
ORD01499,CUST0107,2025-07-29,Distributor,Completed
ORD01500,CUST0252,2025-11-07,Online,Completed
ORD01501,CUST0160,2024-03-19,Distributor,Completed
ORD01502,CUST0288,2024-07-13,Online,Completed
ORD01503,CUST0193,2024-04-17,Online,Completed
ORD01504,CUST0082,2025-05-16,Store,Completed
ORD01505,CUST0015,2025-05-19,Distributor,Completed
ORD01506,CUST0178,2025-02-24,Store,Completed
ORD01507,CUST0065,2024-05-22,Store,Completed
ORD01508,CUST0416,2025-12-17,Store,Completed
ORD01509,CUST0499,2024-09-07,Distributor,Completed
ORD01510,CUST0023,2024-06-29,Store,Completed
ORD01511,CUST0298,2025-09-19,Distributor,Cancelled
ORD01512,CUST0044,2025-06-16,Store,Completed
ORD01513,CUST0055,2025-01-02,Store,Completed
ORD01514,CUST0349,2025-08-22,Distributor,Completed
ORD01515,CUST0311,2024-10-11,Store,Completed
ORD01516,CUST0321,2025-08-04,Online,Cancelled
ORD01517,CUST0006,2024-11-29,Distributor,Completed
ORD01518,CUST0097,2025-01-25,Distributor,Completed
ORD01519,CUST0008,2025-06-22,Online,Completed
ORD01520,CUST0387,2025-09-27,Online,Completed
ORD01521,CUST0011,2025-02-28,Distributor,Completed
ORD01522,CUST0291,2025-06-21,Online,Completed
ORD01523,CUST0004,2025-09-17,Online,Completed
ORD01524,CUST0261,2024-02-14,Distributor,Completed
ORD01525,CUST0072,2024-06-14,Online,Completed
ORD01526,CUST0374,2024-02-11,Store,Completed
ORD01527,CUST0023,2024-09-16,Online,Completed
ORD01528,CUST0296,2024-11-20,Store,Completed
ORD01529,CUST0343,2025-11-01,Online,Cancelled
ORD01530,CUST0054,2025-08-16,Distributor,Cancelled
ORD01531,CUST0025,2025-07-28,Store,Completed
ORD01532,CUST0415,2025-10-14,Distributor,Completed
ORD01533,CUST0113,2025-04-14,Online,Completed
ORD01534,CUST0040,2024-04-26,Store,Completed
ORD01535,CUST0113,2025-05-06,Distributor,Completed
ORD01536,CUST0056,2024-01-12,Store,Completed
ORD01537,CUST0198,2025-09-17,Distributor,Completed
ORD01538,CUST0440,2025-11-26,Distributor,Completed
ORD01539,CUST0004,2024-10-16,Store,Cancelled
ORD01540,CUST0330,2024-11-29,Distributor,Cancelled
ORD01541,CUST0100,2025-06-17,Distributor,Cancelled
ORD01542,CUST0294,2025-09-12,Store,Completed
ORD01543,CUST0445,2024-12-31,Online,Cancelled
ORD01544,CUST0121,2024-11-16,Distributor,Completed
ORD01545,CUST0415,2024-12-06,Distributor,Cancelled
ORD01546,CUST0441,2024-06-20,Online,Completed
ORD01547,CUST0485,2025-11-10,Online,Completed
ORD01548,CUST0478,2025-03-12,Online,Completed
ORD01549,CUST0308,2025-03-20,Online,Completed
ORD01550,CUST0335,2025-04-06,Online,Cancelled
ORD01551,CUST0186,2024-08-30,Distributor,Completed
ORD01552,CUST0029,2025-03-12,Online,Completed
ORD01553,CUST0249,2025-09-05,Distributor,Completed
ORD01554,CUST0384,2025-12-18,Store,Cancelled
ORD01555,CUST0454,2025-09-25,Online,Cancelled
ORD01556,CUST0323,2024-12-24,Distributor,Completed
ORD01557,CUST0243,2025-07-05,Distributor,Completed
ORD01558,CUST0226,2025-10-27,Distributor,Completed
ORD01559,CUST0258,2025-02-01,Store,Completed
ORD01560,CUST0258,2025-03-31,Distributor,Completed
ORD01561,CUST0249,2025-05-04,Online,Completed
ORD01562,CUST0419,2025-01-31,Store,Cancelled
ORD01563,CUST0365,2024-10-06,Store,Completed
ORD01564,CUST0247,2025-09-16,Store,Completed
ORD01565,CUST0375,2024-01-17,Distributor,Completed
ORD01566,CUST0215,2025-04-25,Online,Completed
ORD01567,CUST0219,2024-09-17,Store,Completed
ORD01568,CUST0385,2024-12-19,Store,Completed
ORD01569,CUST0192,2024-10-21,Online,Completed
ORD01570,CUST0450,2025-09-28,Store,Completed
ORD01571,CUST0447,2024-01-22,Online,Completed
ORD01572,CUST0211,2025-01-29,Store,Completed
ORD01573,CUST0202,2024-05-17,Distributor,Completed
ORD01574,CUST0048,2024-10-06,Store,Completed
ORD01575,CUST0028,2025-01-31,Store,Completed
ORD01576,CUST0152,2024-11-04,Distributor,Completed
ORD01577,CUST0305,2025-03-15,Distributor,Cancelled
ORD01578,CUST0453,2025-06-27,Store,Completed
ORD01579,CUST0403,2025-07-09,Distributor,Completed
ORD01580,CUST0411,2025-02-04,Online,Completed
ORD01581,CUST0384,2024-08-12,Online,Completed
ORD01582,CUST0398,2024-06-29,Online,Completed
ORD01583,CUST0161,2025-10-16,Store,Completed
ORD01584,CUST0307,2025-11-09,Store,Completed
ORD01585,CUST0109,2025-11-08,Online,Completed
ORD01586,CUST0319,2025-08-07,Store,Completed
ORD01587,CUST0309,2024-10-31,Store,Cancelled
ORD01588,CUST0407,2024-12-20,Store,Completed
ORD01589,CUST0190,2024-12-16,Store,Completed
ORD01590,CUST0072,2025-09-12,Store,Cancelled
ORD01591,CUST0384,2025-09-23,Store,Cancelled
ORD01592,CUST0089,2024-09-09,Distributor,Completed
ORD01593,CUST0052,2024-05-06,Distributor,Completed
ORD01594,CUST0265,2024-05-24,Online,Cancelled
ORD01595,CUST0353,2025-01-14,Store,Completed
ORD01596,CUST0423,2025-05-01,Online,Completed
ORD01597,CUST0137,2024-01-02,Distributor,Completed
ORD01598,CUST0385,2025-02-11,Distributor,Completed
ORD01599,CUST0090,2024-12-05,Online,Completed
ORD01600,CUST0415,2024-06-11,Store,Completed
ORD01601,CUST0330,2024-10-09,Online,Completed
ORD01602,CUST0284,2025-08-12,Distributor,Completed
ORD01603,CUST0283,2024-02-03,Distributor,Completed
ORD01604,CUST0475,2024-10-11,Distributor,Cancelled
ORD01605,CUST0333,2025-04-19,Distributor,Completed
ORD01606,CUST0204,2024-06-10,Distributor,Completed
ORD01607,CUST0101,2025-07-23,Online,Completed
ORD01608,CUST0318,2025-06-10,Online,Completed
ORD01609,CUST0493,2024-01-29,Store,Completed
ORD01610,CUST0287,2024-06-13,Distributor,Completed
ORD01611,CUST0131,2024-09-07,Online,Completed
ORD01612,CUST0334,2024-11-21,Store,Completed
ORD01613,CUST0053,2025-01-12,Store,Completed
ORD01614,CUST0162,2025-04-14,Distributor,Completed
ORD01615,CUST0089,2025-04-03,Distributor,Completed
ORD01616,CUST0371,2024-05-11,Online,Cancelled
ORD01617,CUST0191,2024-07-02,Online,Completed
ORD01618,CUST0316,2025-09-04,Distributor,Completed
ORD01619,CUST0207,2024-09-29,Online,Completed
ORD01620,CUST0009,2025-10-19,Online,Completed
ORD01621,CUST0002,2025-04-25,Distributor,Completed
ORD01622,CUST0371,2024-07-11,Distributor,Completed
ORD01623,CUST0179,2024-08-09,Distributor,Completed
ORD01624,CUST0059,2025-06-28,Distributor,Completed
ORD01625,CUST0287,2025-05-08,Store,Cancelled
ORD01626,CUST0391,2024-05-26,Online,Completed
ORD01627,CUST0116,2025-02-10,Store,Completed
ORD01628,CUST0488,2025-07-14,Store,Completed
ORD01629,CUST0031,2025-12-12,Online,Completed
ORD01630,CUST0469,2025-03-05,Store,Completed
ORD01631,CUST0263,2024-09-24,Online,Completed
ORD01632,CUST0486,2025-05-10,Distributor,Completed
ORD01633,CUST0331,2024-02-10,Online,Cancelled
ORD01634,CUST0369,2025-09-20,Store,Completed
ORD01635,CUST0470,2025-12-08,Online,Completed
ORD01636,CUST0332,2024-02-09,Online,Completed
ORD01637,CUST0484,2025-04-11,Distributor,Completed
ORD01638,CUST0002,2024-09-18,Online,Cancelled
ORD01639,CUST0127,2024-02-10,Store,Completed
ORD01640,CUST0063,2025-04-02,Distributor,Completed
ORD01641,CUST0353,2025-01-09,Online,Cancelled
ORD01642,CUST0252,2024-12-22,Store,Completed
ORD01643,CUST0291,2025-01-14,Store,Completed
ORD01644,CUST0250,2025-07-09,Online,Cancelled
ORD01645,CUST0205,2024-06-13,Online,Completed
ORD01646,CUST0139,2025-09-29,Distributor,Completed
ORD01647,CUST0114,2024-06-06,Distributor,Completed
ORD01648,CUST0487,2024-11-18,Distributor,Cancelled
ORD01649,CUST0075,2025-12-17,Store,Completed
ORD01650,CUST0102,2024-08-17,Distributor,Completed
ORD01651,CUST0328,2024-04-20,Online,Completed
ORD01652,CUST0294,2025-01-15,Store,Completed
ORD01653,CUST0213,2024-01-23,Distributor,Completed
ORD01654,CUST0371,2024-03-17,Store,Cancelled
ORD01655,CUST0183,2024-12-02,Distributor,Completed
ORD01656,CUST0436,2025-11-09,Online,Completed
ORD01657,CUST0409,2025-02-21,Store,Completed
ORD01658,CUST0497,2024-02-15,Distributor,Completed
ORD01659,CUST0342,2024-09-24,Store,Cancelled
ORD01660,CUST0147,2025-04-04,Online,Cancelled
ORD01661,CUST0412,2025-01-17,Store,Completed
ORD01662,CUST0460,2024-12-17,Online,Cancelled
ORD01663,CUST0434,2025-01-01,Store,Completed
ORD01664,CUST0454,2024-02-07,Store,Cancelled
ORD01665,CUST0495,2024-06-13,Online,Completed
ORD01666,CUST0017,2024-09-30,Distributor,Completed
ORD01667,CUST0279,2024-02-05,Online,Completed
ORD01668,CUST0062,2025-09-14,Online,Completed
ORD01669,CUST0233,2025-08-09,Online,Completed
ORD01670,CUST0137,2024-04-20,Store,Cancelled
ORD01671,CUST0313,2024-07-23,Store,Completed
ORD01672,CUST0327,2024-09-26,Store,Completed
ORD01673,CUST0140,2024-09-06,Store,Cancelled
ORD01674,CUST0438,2025-04-08,Online,Completed
ORD01675,CUST0391,2025-01-18,Online,Completed
ORD01676,CUST0009,2024-11-01,Distributor,Completed
ORD01677,CUST0387,2025-03-25,Store,Completed
ORD01678,CUST0284,2025-09-28,Distributor,Completed
ORD01679,CUST0389,2025-01-05,Store,Completed
ORD01680,CUST0138,2025-12-07,Online,Completed
ORD01681,CUST0343,2025-09-06,Distributor,Completed
ORD01682,CUST0140,2024-10-14,Online,Cancelled
ORD01683,CUST0207,2024-11-19,Store,Completed
ORD01684,CUST0485,2025-06-18,Store,Completed
ORD01685,CUST0100,2024-12-29,Distributor,Completed
ORD01686,CUST0165,2025-12-15,Store,Completed
ORD01687,CUST0178,2025-08-27,Online,Cancelled
ORD01688,CUST0366,2024-11-07,Online,Completed
ORD01689,CUST0128,2025-05-09,Store,Completed
ORD01690,CUST0162,2024-07-20,Online,Completed
ORD01691,CUST0368,2025-10-23,Distributor,Completed
ORD01692,CUST0320,2024-01-27,Distributor,Cancelled
ORD01693,CUST0030,2025-01-27,Online,Completed
ORD01694,CUST0474,2024-05-13,Store,Cancelled
ORD01695,CUST0141,2025-10-12,Store,Cancelled
ORD01696,CUST0428,2024-06-27,Store,Completed
ORD01697,CUST0013,2025-01-25,Store,Completed
ORD01698,CUST0490,2024-07-03,Online,Cancelled
ORD01699,CUST0309,2024-08-26,Store,Cancelled
ORD01700,CUST0341,2025-02-27,Store,Completed
ORD01701,CUST0488,2024-12-31,Online,Cancelled
ORD01702,CUST0318,2025-12-26,Online,Completed
ORD01703,CUST0376,2024-05-30,Store,Completed
ORD01704,CUST0132,2024-01-29,Distributor,Completed
ORD01705,CUST0090,2024-03-24,Store,Completed
ORD01706,CUST0260,2025-12-14,Distributor,Completed
ORD01707,CUST0338,2024-01-27,Distributor,Cancelled
ORD01708,CUST0014,2024-09-17,Online,Completed
ORD01709,CUST0135,2024-12-18,Online,Completed
ORD01710,CUST0386,2024-02-17,Store,Completed
ORD01711,CUST0314,2025-09-13,Online,Completed
ORD01712,CUST0052,2024-04-20,Distributor,Cancelled
ORD01713,CUST0050,2024-07-22,Store,Completed
ORD01714,CUST0131,2025-05-11,Online,Cancelled
ORD01715,CUST0311,2025-12-29,Online,Completed
ORD01716,CUST0270,2024-10-31,Store,Completed
ORD01717,CUST0290,2025-05-12,Store,Completed
ORD01718,CUST0095,2024-07-11,Store,Completed
ORD01719,CUST0105,2025-01-20,Store,Cancelled
ORD01720,CUST0045,2024-06-27,Distributor,Completed
ORD01721,CUST0147,2024-04-03,Online,Cancelled
ORD01722,CUST0317,2024-03-02,Online,Completed
ORD01723,CUST0440,2025-10-28,Store,Completed
ORD01724,CUST0128,2024-08-02,Distributor,Completed
ORD01725,CUST0144,2025-02-15,Distributor,Completed
ORD01726,CUST0228,2024-08-23,Distributor,Completed
ORD01727,CUST0141,2025-01-25,Online,Completed
ORD01728,CUST0336,2024-05-25,Online,Cancelled
ORD01729,CUST0487,2025-05-26,Online,Completed
ORD01730,CUST0187,2024-10-12,Online,Completed
ORD01731,CUST0288,2024-09-18,Online,Completed
ORD01732,CUST0421,2024-04-20,Store,Completed
ORD01733,CUST0287,2024-08-20,Store,Completed
ORD01734,CUST0259,2024-02-01,Store,Completed
ORD01735,CUST0221,2025-12-23,Distributor,Completed
ORD01736,CUST0281,2025-07-03,Store,Completed
ORD01737,CUST0172,2024-02-11,Online,Completed
ORD01738,CUST0376,2025-01-18,Online,Completed
ORD01739,CUST0433,2025-02-16,Distributor,Completed
ORD01740,CUST0472,2025-04-13,Store,Completed
ORD01741,CUST0139,2024-11-08,Online,Completed
ORD01742,CUST0021,2025-01-07,Distributor,Completed
ORD01743,CUST0299,2025-02-22,Store,Completed
ORD01744,CUST0218,2024-03-23,Store,Completed
ORD01745,CUST0405,2024-08-11,Online,Cancelled
ORD01746,CUST0231,2024-09-01,Distributor,Completed
ORD01747,CUST0390,2024-01-14,Distributor,Completed
ORD01748,CUST0266,2025-03-06,Store,Completed
ORD01749,CUST0097,2024-04-17,Online,Completed
ORD01750,CUST0200,2024-07-22,Distributor,Cancelled
ORD01751,CUST0181,2024-07-04,Store,Completed
ORD01752,CUST0460,2024-09-21,Distributor,Completed
ORD01753,CUST0095,2024-01-13,Online,Completed
ORD01754,CUST0197,2025-06-10,Distributor,Completed
ORD01755,CUST0064,2025-05-31,Store,Cancelled
ORD01756,CUST0497,2024-07-09,Distributor,Completed
ORD01757,CUST0076,2025-03-05,Store,Completed
ORD01758,CUST0296,2024-03-19,Distributor,Completed
ORD01759,CUST0317,2024-04-09,Store,Completed
ORD01760,CUST0331,2024-06-30,Online,Cancelled
ORD01761,CUST0082,2025-01-27,Distributor,Completed
ORD01762,CUST0234,2024-11-11,Online,Completed
ORD01763,CUST0058,2025-01-04,Store,Completed
ORD01764,CUST0029,2025-02-19,Distributor,Completed
ORD01765,CUST0370,2024-06-10,Distributor,Completed
ORD01766,CUST0153,2025-03-05,Store,Completed
ORD01767,CUST0393,2024-03-18,Distributor,Cancelled
ORD01768,CUST0447,2024-02-22,Store,Completed
ORD01769,CUST0288,2024-05-29,Distributor,Completed
ORD01770,CUST0136,2025-04-30,Store,Completed
ORD01771,CUST0330,2025-03-25,Online,Completed
ORD01772,CUST0390,2025-07-18,Distributor,Completed
ORD01773,CUST0304,2025-04-03,Distributor,Completed
ORD01774,CUST0380,2024-03-05,Online,Completed
ORD01775,CUST0266,2024-04-28,Online,Completed
ORD01776,CUST0100,2024-10-09,Distributor,Completed
ORD01777,CUST0499,2024-07-30,Distributor,Completed
ORD01778,CUST0244,2024-09-23,Distributor,Completed
ORD01779,CUST0101,2025-08-21,Online,Completed
ORD01780,CUST0171,2024-06-11,Store,Completed
ORD01781,CUST0301,2025-06-23,Online,Completed
ORD01782,CUST0380,2025-05-02,Distributor,Completed
ORD01783,CUST0325,2025-07-26,Distributor,Cancelled
ORD01784,CUST0331,2025-12-01,Store,Completed
ORD01785,CUST0135,2024-01-27,Store,Completed
ORD01786,CUST0389,2024-02-09,Distributor,Completed
ORD01787,CUST0455,2025-08-18,Store,Completed
ORD01788,CUST0397,2024-04-19,Online,Completed
ORD01789,CUST0301,2024-12-09,Distributor,Cancelled
ORD01790,CUST0274,2024-01-21,Store,Completed
ORD01791,CUST0112,2024-07-04,Online,Completed
ORD01792,CUST0166,2025-12-12,Distributor,Completed
ORD01793,CUST0055,2024-03-20,Store,Completed
ORD01794,CUST0235,2024-09-03,Store,Completed
ORD01795,CUST0376,2025-05-06,Distributor,Completed
ORD01796,CUST0410,2025-09-29,Online,Completed
ORD01797,CUST0428,2025-07-02,Distributor,Completed
ORD01798,CUST0219,2024-05-22,Online,Completed
ORD01799,CUST0322,2025-05-09,Online,Completed
ORD01800,CUST0305,2024-03-10,Store,Completed
ORD01801,CUST0400,2024-07-25,Online,Completed
ORD01802,CUST0293,2025-03-08,Online,Cancelled
ORD01803,CUST0469,2024-06-24,Distributor,Completed
ORD01804,CUST0306,2025-12-22,Distributor,Completed
ORD01805,CUST0412,2024-01-02,Store,Completed
ORD01806,CUST0038,2024-02-16,Online,Completed
ORD01807,CUST0149,2025-12-20,Online,Completed
ORD01808,CUST0202,2025-04-11,Distributor,Completed
ORD01809,CUST0270,2025-03-05,Online,Completed
ORD01810,CUST0097,2024-11-07,Online,Completed
ORD01811,CUST0092,2025-10-15,Store,Completed
ORD01812,CUST0219,2025-09-15,Store,Completed
ORD01813,CUST0428,2025-10-15,Distributor,Completed
ORD01814,CUST0137,2024-06-28,Store,Completed
ORD01815,CUST0150,2024-10-09,Distributor,Completed
ORD01816,CUST0011,2024-08-14,Distributor,Cancelled
ORD01817,CUST0022,2024-01-30,Online,Completed
ORD01818,CUST0214,2025-01-14,Distributor,Completed
ORD01819,CUST0486,2024-05-03,Online,Cancelled
ORD01820,CUST0461,2024-08-02,Store,Cancelled
ORD01821,CUST0252,2025-12-02,Store,Completed
ORD01822,CUST0183,2024-02-23,Distributor,Completed
ORD01823,CUST0462,2024-02-25,Distributor,Cancelled
ORD01824,CUST0153,2024-08-17,Online,Cancelled
ORD01825,CUST0117,2024-03-30,Distributor,Completed
ORD01826,CUST0010,2024-08-21,Online,Completed
ORD01827,CUST0377,2025-01-02,Distributor,Completed
ORD01828,CUST0259,2025-02-19,Online,Completed
ORD01829,CUST0457,2025-10-16,Distributor,Completed
ORD01830,CUST0044,2025-11-09,Store,Cancelled
ORD01831,CUST0465,2025-09-07,Online,Cancelled
ORD01832,CUST0280,2024-12-14,Store,Cancelled
ORD01833,CUST0371,2025-05-10,Online,Completed
ORD01834,CUST0348,2025-08-10,Store,Completed
ORD01835,CUST0348,2024-08-01,Distributor,Completed
ORD01836,CUST0253,2024-02-28,Distributor,Completed
ORD01837,CUST0348,2025-12-19,Distributor,Completed
ORD01838,CUST0286,2024-11-26,Store,Completed
ORD01839,CUST0086,2024-11-28,Distributor,Completed
ORD01840,CUST0280,2025-10-19,Online,Completed
ORD01841,CUST0150,2024-12-02,Store,Completed
ORD01842,CUST0431,2024-05-27,Online,Completed
ORD01843,CUST0101,2024-04-18,Online,Completed
ORD01844,CUST0088,2024-10-01,Store,Completed
ORD01845,CUST0136,2025-02-19,Distributor,Completed
ORD01846,CUST0433,2024-02-23,Store,Completed
ORD01847,CUST0254,2024-09-03,Online,Completed
ORD01848,CUST0407,2024-08-13,Store,Completed
ORD01849,CUST0162,2024-06-02,Distributor,Cancelled
ORD01850,CUST0220,2025-04-10,Store,Completed
ORD01851,CUST0410,2024-10-25,Store,Completed
ORD01852,CUST0182,2024-06-03,Online,Completed
ORD01853,CUST0495,2024-01-24,Online,Completed
ORD01854,CUST0475,2024-10-01,Online,Completed
ORD01855,CUST0003,2024-11-09,Online,Completed
ORD01856,CUST0206,2024-01-30,Store,Completed
ORD01857,CUST0096,2025-12-25,Store,Completed
ORD01858,CUST0151,2025-04-03,Online,Cancelled
ORD01859,CUST0451,2025-05-17,Store,Completed
ORD01860,CUST0333,2024-06-16,Store,Cancelled
ORD01861,CUST0026,2024-09-17,Online,Completed
ORD01862,CUST0182,2025-10-15,Distributor,Cancelled
ORD01863,CUST0149,2025-07-18,Store,Completed
ORD01864,CUST0251,2024-06-20,Distributor,Completed
ORD01865,CUST0352,2025-05-23,Distributor,Completed
ORD01866,CUST0199,2025-11-10,Distributor,Completed
ORD01867,CUST0079,2025-09-23,Store,Cancelled
ORD01868,CUST0052,2025-04-18,Distributor,Completed
ORD01869,CUST0423,2025-04-25,Online,Cancelled
ORD01870,CUST0322,2025-05-14,Online,Cancelled
ORD01871,CUST0156,2025-08-31,Distributor,Completed
ORD01872,CUST0238,2024-09-23,Distributor,Completed
ORD01873,CUST0302,2024-02-19,Distributor,Completed
ORD01874,CUST0414,2025-07-10,Distributor,Completed
ORD01875,CUST0112,2025-12-26,Online,Completed
ORD01876,CUST0434,2024-07-29,Online,Completed
ORD01877,CUST0471,2024-12-19,Distributor,Completed
ORD01878,CUST0183,2025-03-27,Store,Completed
ORD01879,CUST0174,2024-11-15,Store,Completed
ORD01880,CUST0280,2025-01-30,Online,Cancelled
ORD01881,CUST0358,2025-03-19,Distributor,Completed
ORD01882,CUST0398,2024-05-01,Distributor,Completed
ORD01883,CUST0310,2025-01-08,Distributor,Completed
ORD01884,CUST0337,2025-11-16,Online,Completed
ORD01885,CUST0365,2024-08-08,Distributor,Completed
ORD01886,CUST0089,2025-09-12,Distributor,Cancelled
ORD01887,CUST0497,2024-07-25,Store,Completed
ORD01888,CUST0494,2025-06-29,Distributor,Completed
ORD01889,CUST0329,2025-03-19,Online,Cancelled
ORD01890,CUST0238,2024-10-25,Online,Cancelled
ORD01891,CUST0071,2025-04-30,Distributor,Cancelled
ORD01892,CUST0445,2024-01-28,Distributor,Completed
ORD01893,CUST0137,2024-10-28,Distributor,Cancelled
ORD01894,CUST0142,2024-11-11,Store,Completed
ORD01895,CUST0421,2025-11-28,Distributor,Completed
ORD01896,CUST0308,2025-11-23,Distributor,Completed
ORD01897,CUST0039,2024-12-02,Distributor,Cancelled
ORD01898,CUST0011,2024-04-06,Distributor,Cancelled
ORD01899,CUST0104,2024-11-08,Distributor,Cancelled
ORD01900,CUST0186,2024-02-08,Store,Completed
ORD01901,CUST0327,2024-12-31,Distributor,Completed
ORD01902,CUST0489,2024-09-24,Online,Completed
ORD01903,CUST0240,2024-04-18,Online,Completed
ORD01904,CUST0087,2024-05-20,Store,Completed
ORD01905,CUST0292,2025-07-18,Store,Completed
ORD01906,CUST0415,2024-09-06,Store,Completed
ORD01907,CUST0279,2025-05-23,Online,Completed
ORD01908,CUST0490,2025-02-21,Store,Completed
ORD01909,CUST0211,2024-05-31,Store,Cancelled
ORD01910,CUST0353,2024-09-18,Store,Completed
ORD01911,CUST0364,2025-01-04,Store,Completed
ORD01912,CUST0377,2024-05-26,Distributor,Completed
ORD01913,CUST0416,2025-09-15,Distributor,Completed
ORD01914,CUST0492,2024-05-23,Distributor,Completed
ORD01915,CUST0193,2024-03-11,Distributor,Completed
ORD01916,CUST0122,2025-03-26,Store,Completed
ORD01917,CUST0095,2025-03-04,Online,Completed
ORD01918,CUST0500,2025-04-27,Distributor,Completed
ORD01919,CUST0136,2024-09-18,Store,Completed
ORD01920,CUST0390,2024-01-27,Online,Cancelled
ORD01921,CUST0441,2024-02-03,Distributor,Cancelled
ORD01922,CUST0446,2024-01-02,Store,Completed
ORD01923,CUST0182,2024-05-13,Online,Completed
ORD01924,CUST0258,2025-01-08,Store,Completed
ORD01925,CUST0024,2025-08-17,Online,Completed
ORD01926,CUST0140,2024-12-21,Online,Cancelled
ORD01927,CUST0162,2024-03-07,Distributor,Cancelled
ORD01928,CUST0030,2025-04-02,Store,Completed
ORD01929,CUST0252,2024-04-17,Online,Completed
ORD01930,CUST0346,2024-09-09,Store,Completed
ORD01931,CUST0247,2024-09-17,Store,Completed
ORD01932,CUST0043,2025-01-17,Online,Cancelled
ORD01933,CUST0190,2025-10-28,Distributor,Completed
ORD01934,CUST0408,2025-03-10,Distributor,Completed
ORD01935,CUST0017,2025-07-01,Online,Cancelled
ORD01936,CUST0069,2025-05-19,Online,Completed
ORD01937,CUST0069,2025-10-03,Online,Completed
ORD01938,CUST0273,2025-09-27,Store,Completed
ORD01939,CUST0414,2024-04-19,Distributor,Completed
ORD01940,CUST0371,2025-05-23,Online,Completed
ORD01941,CUST0481,2024-01-14,Online,Completed
ORD01942,CUST0282,2024-02-08,Distributor,Completed
ORD01943,CUST0307,2024-08-15,Online,Completed
ORD01944,CUST0026,2025-03-10,Distributor,Completed
ORD01945,CUST0408,2025-06-13,Online,Cancelled
ORD01946,CUST0233,2025-05-31,Store,Cancelled
ORD01947,CUST0137,2024-06-15,Online,Cancelled
ORD01948,CUST0411,2024-05-29,Online,Cancelled
ORD01949,CUST0386,2024-03-17,Distributor,Completed
ORD01950,CUST0285,2025-08-27,Distributor,Completed
ORD01951,CUST0434,2024-09-23,Store,Completed
ORD01952,CUST0171,2024-06-10,Online,Completed
ORD01953,CUST0315,2025-09-09,Distributor,Completed
ORD01954,CUST0317,2025-03-22,Distributor,Completed
ORD01955,CUST0421,2024-02-25,Online,Completed
ORD01956,CUST0096,2024-10-01,Store,Completed
ORD01957,CUST0242,2025-11-13,Online,Completed
ORD01958,CUST0187,2025-12-07,Store,Cancelled
ORD01959,CUST0050,2024-09-04,Distributor,Completed
ORD01960,CUST0343,2025-09-30,Store,Completed
ORD01961,CUST0371,2024-02-20,Online,Completed
ORD01962,CUST0133,2024-07-22,Distributor,Completed
ORD01963,CUST0457,2024-03-29,Store,Completed
ORD01964,CUST0399,2025-01-13,Online,Cancelled
ORD01965,CUST0081,2025-02-12,Distributor,Cancelled
ORD01966,CUST0101,2025-04-29,Store,Completed
ORD01967,CUST0199,2025-01-07,Distributor,Completed
ORD01968,CUST0005,2025-10-04,Distributor,Completed
ORD01969,CUST0346,2024-11-28,Store,Completed
ORD01970,CUST0236,2024-03-22,Distributor,Completed
ORD01971,CUST0483,2025-02-22,Distributor,Completed
ORD01972,CUST0435,2024-09-20,Store,Completed
ORD01973,CUST0495,2025-01-13,Store,Completed
ORD01974,CUST0125,2025-07-03,Store,Completed
ORD01975,CUST0005,2025-10-27,Online,Completed
ORD01976,CUST0456,2024-02-26,Online,Cancelled
ORD01977,CUST0483,2025-06-02,Distributor,Completed
ORD01978,CUST0428,2025-11-22,Online,Completed
ORD01979,CUST0403,2024-06-30,Online,Cancelled
ORD01980,CUST0329,2025-12-19,Distributor,Completed
ORD01981,CUST0060,2024-03-31,Store,Completed
ORD01982,CUST0217,2025-11-09,Distributor,Completed
ORD01983,CUST0380,2025-01-04,Distributor,Completed
ORD01984,CUST0414,2024-08-17,Online,Completed
ORD01985,CUST0057,2024-04-02,Distributor,Completed
ORD01986,CUST0027,2025-08-17,Distributor,Completed
ORD01987,CUST0410,2024-10-18,Online,Cancelled
ORD01988,CUST0292,2025-12-31,Store,Completed
ORD01989,CUST0412,2025-07-18,Distributor,Completed
ORD01990,CUST0075,2025-06-09,Distributor,Completed
ORD01991,CUST0417,2024-12-23,Online,Completed
ORD01992,CUST0089,2024-01-06,Online,Cancelled
ORD01993,CUST0390,2025-01-06,Store,Completed
ORD01994,CUST0327,2024-12-01,Distributor,Cancelled
ORD01995,CUST0345,2025-08-12,Distributor,Completed
ORD01996,CUST0431,2025-05-04,Distributor,Completed
ORD01997,CUST0120,2025-08-03,Online,Completed
ORD01998,CUST0433,2025-02-14,Store,Completed
ORD01999,CUST0003,2024-08-27,Store,Completed
ORD02000,CUST0340,2024-09-25,Distributor,Completed
ORD02001,CUST0153,2024-05-17,Store,Completed
ORD02002,CUST0184,2025-01-20,Online,Cancelled
ORD02003,CUST0190,2025-01-06,Distributor,Completed
ORD02004,CUST0199,2024-12-28,Store,Completed
ORD02005,CUST0281,2025-05-29,Store,Completed
ORD02006,CUST0402,2024-11-23,Online,Cancelled
ORD02007,CUST0399,2024-07-24,Distributor,Completed
ORD02008,CUST0093,2024-09-29,Store,Completed
ORD02009,CUST0362,2024-05-05,Online,Completed
ORD02010,CUST0411,2024-07-12,Distributor,Completed
ORD02011,CUST0243,2024-01-06,Online,Completed
ORD02012,CUST0132,2025-04-23,Online,Completed
ORD02013,CUST0129,2024-11-12,Online,Completed
ORD02014,CUST0230,2024-06-21,Store,Completed
ORD02015,CUST0318,2024-09-13,Online,Completed
ORD02016,CUST0314,2025-11-09,Distributor,Completed
ORD02017,CUST0474,2024-03-14,Distributor,Cancelled
ORD02018,CUST0073,2025-07-21,Online,Completed
ORD02019,CUST0040,2024-05-17,Online,Cancelled
ORD02020,CUST0415,2025-11-01,Distributor,Completed
ORD02021,CUST0319,2025-09-11,Distributor,Completed
ORD02022,CUST0158,2024-03-27,Distributor,Completed
ORD02023,CUST0456,2025-05-06,Distributor,Cancelled
ORD02024,CUST0443,2024-07-29,Distributor,Cancelled
ORD02025,CUST0493,2025-01-07,Distributor,Completed
ORD02026,CUST0068,2025-07-13,Distributor,Completed
ORD02027,CUST0194,2025-09-01,Online,Completed
ORD02028,CUST0400,2025-05-04,Store,Cancelled
ORD02029,CUST0312,2024-11-16,Online,Completed
ORD02030,CUST0117,2024-11-30,Online,Completed
ORD02031,CUST0341,2024-03-21,Store,Completed
ORD02032,CUST0489,2025-03-18,Online,Cancelled
ORD02033,CUST0387,2024-08-22,Store,Cancelled
ORD02034,CUST0372,2024-07-07,Online,Completed
ORD02035,CUST0215,2025-05-02,Online,Completed
ORD02036,CUST0281,2025-09-27,Store,Completed
ORD02037,CUST0284,2025-03-11,Distributor,Completed
ORD02038,CUST0216,2025-05-12,Distributor,Completed
ORD02039,CUST0487,2024-09-19,Store,Completed
ORD02040,CUST0208,2025-06-22,Store,Completed
ORD02041,CUST0493,2024-08-03,Distributor,Completed
ORD02042,CUST0047,2024-08-22,Distributor,Completed
ORD02043,CUST0054,2025-03-20,Distributor,Completed
ORD02044,CUST0374,2025-04-26,Distributor,Cancelled
ORD02045,CUST0126,2024-03-23,Online,Completed
ORD02046,CUST0305,2025-09-10,Online,Completed
ORD02047,CUST0302,2024-09-11,Distributor,Completed
ORD02048,CUST0261,2024-03-28,Store,Completed
ORD02049,CUST0282,2024-12-03,Distributor,Completed
ORD02050,CUST0196,2025-08-07,Store,Completed
ORD02051,CUST0175,2024-12-08,Distributor,Completed
ORD02052,CUST0194,2024-12-14,Online,Completed
ORD02053,CUST0342,2024-09-09,Online,Cancelled
ORD02054,CUST0067,2024-08-29,Distributor,Cancelled
ORD02055,CUST0355,2024-05-20,Online,Completed
ORD02056,CUST0213,2025-06-13,Distributor,Completed
ORD02057,CUST0322,2025-04-22,Distributor,Completed
ORD02058,CUST0341,2024-03-31,Store,Completed
ORD02059,CUST0143,2024-06-09,Online,Completed
ORD02060,CUST0400,2025-08-15,Store,Completed
ORD02061,CUST0280,2024-10-29,Online,Completed
ORD02062,CUST0035,2025-01-30,Store,Completed
ORD02063,CUST0045,2025-02-18,Store,Completed
ORD02064,CUST0411,2024-09-13,Store,Completed
ORD02065,CUST0063,2024-12-13,Distributor,Completed
ORD02066,CUST0496,2025-05-06,Distributor,Completed
ORD02067,CUST0034,2024-09-03,Distributor,Completed
ORD02068,CUST0033,2025-01-28,Store,Cancelled
ORD02069,CUST0100,2025-03-14,Distributor,Cancelled
ORD02070,CUST0245,2024-06-02,Store,Completed
ORD02071,CUST0373,2025-11-04,Store,Cancelled
ORD02072,CUST0415,2024-05-30,Online,Completed
ORD02073,CUST0127,2024-07-09,Online,Completed
ORD02074,CUST0057,2024-04-10,Store,Completed
ORD02075,CUST0229,2024-12-30,Store,Cancelled
ORD02076,CUST0157,2024-11-12,Store,Completed
ORD02077,CUST0291,2024-02-19,Store,Completed
ORD02078,CUST0078,2025-03-15,Store,Completed
ORD02079,CUST0271,2024-03-13,Online,Completed
ORD02080,CUST0080,2024-01-23,Online,Completed
ORD02081,CUST0483,2024-06-25,Distributor,Completed
ORD02082,CUST0336,2024-03-08,Distributor,Completed
ORD02083,CUST0425,2025-07-26,Distributor,Completed
ORD02084,CUST0234,2024-06-10,Store,Completed
ORD02085,CUST0173,2025-09-06,Online,Completed
ORD02086,CUST0461,2025-01-12,Online,Cancelled
ORD02087,CUST0445,2025-07-10,Store,Cancelled
ORD02088,CUST0451,2024-06-05,Store,Completed
ORD02089,CUST0080,2025-10-07,Store,Completed
ORD02090,CUST0457,2025-01-19,Store,Completed
ORD02091,CUST0246,2025-05-15,Online,Cancelled
ORD02092,CUST0326,2024-06-13,Store,Completed
ORD02093,CUST0385,2024-02-15,Store,Completed
ORD02094,CUST0059,2024-09-06,Store,Completed
ORD02095,CUST0451,2024-01-23,Distributor,Completed
ORD02096,CUST0239,2024-08-03,Online,Cancelled
ORD02097,CUST0454,2025-04-16,Distributor,Completed
ORD02098,CUST0067,2024-03-05,Online,Completed
ORD02099,CUST0216,2025-01-03,Online,Completed
ORD02100,CUST0356,2025-09-28,Store,Completed
ORD02101,CUST0493,2025-12-08,Online,Completed
ORD02102,CUST0428,2025-11-18,Distributor,Completed
ORD02103,CUST0266,2025-10-25,Distributor,Completed
ORD02104,CUST0023,2024-10-12,Store,Completed
ORD02105,CUST0100,2025-04-13,Online,Cancelled
ORD02106,CUST0078,2024-02-26,Store,Completed
ORD02107,CUST0253,2025-09-20,Distributor,Cancelled
ORD02108,CUST0131,2025-05-17,Online,Completed
ORD02109,CUST0153,2025-08-11,Store,Cancelled
ORD02110,CUST0359,2024-05-26,Distributor,Cancelled
ORD02111,CUST0442,2025-12-26,Store,Completed
ORD02112,CUST0288,2025-01-10,Online,Completed
ORD02113,CUST0163,2024-03-17,Distributor,Completed
ORD02114,CUST0079,2024-09-06,Online,Completed
ORD02115,CUST0301,2024-06-19,Distributor,Completed
ORD02116,CUST0486,2025-11-01,Distributor,Completed
ORD02117,CUST0029,2025-10-11,Store,Completed
ORD02118,CUST0348,2024-09-07,Store,Completed
ORD02119,CUST0230,2024-08-03,Online,Completed
ORD02120,CUST0414,2025-03-17,Store,Completed
ORD02121,CUST0360,2025-04-23,Online,Completed
ORD02122,CUST0136,2025-07-01,Store,Completed
ORD02123,CUST0150,2025-11-03,Online,Completed
ORD02124,CUST0362,2024-09-17,Store,Completed
ORD02125,CUST0283,2024-02-14,Store,Cancelled
ORD02126,CUST0042,2025-12-31,Online,Completed
ORD02127,CUST0472,2024-03-18,Distributor,Completed
ORD02128,CUST0230,2025-05-27,Store,Completed
ORD02129,CUST0207,2024-06-10,Online,Completed
ORD02130,CUST0081,2024-05-15,Distributor,Cancelled
ORD02131,CUST0164,2024-06-20,Store,Completed
ORD02132,CUST0377,2024-05-31,Distributor,Completed
ORD02133,CUST0275,2024-08-28,Store,Completed
ORD02134,CUST0232,2024-11-03,Distributor,Completed
ORD02135,CUST0153,2025-01-01,Store,Completed
ORD02136,CUST0470,2025-06-12,Distributor,Cancelled
ORD02137,CUST0183,2024-12-04,Store,Completed
ORD02138,CUST0086,2025-07-21,Distributor,Completed
ORD02139,CUST0415,2025-06-20,Distributor,Completed
ORD02140,CUST0356,2025-03-17,Distributor,Completed
ORD02141,CUST0421,2024-07-03,Online,Completed
ORD02142,CUST0259,2025-11-03,Distributor,Completed
ORD02143,CUST0037,2025-02-22,Online,Completed
ORD02144,CUST0244,2024-11-26,Store,Completed
ORD02145,CUST0343,2025-04-04,Store,Completed
ORD02146,CUST0392,2024-07-14,Store,Cancelled
ORD02147,CUST0191,2024-04-26,Store,Completed
ORD02148,CUST0386,2025-05-06,Store,Completed
ORD02149,CUST0256,2025-08-11,Distributor,Completed
ORD02150,CUST0056,2025-08-30,Online,Completed
ORD02151,CUST0278,2025-02-02,Store,Completed
ORD02152,CUST0095,2025-08-18,Distributor,Completed
ORD02153,CUST0389,2025-04-26,Distributor,Completed
ORD02154,CUST0007,2024-07-26,Online,Completed
ORD02155,CUST0259,2025-12-29,Online,Completed
ORD02156,CUST0052,2024-05-19,Distributor,Completed
ORD02157,CUST0477,2025-08-15,Store,Completed
ORD02158,CUST0193,2025-09-06,Store,Completed
ORD02159,CUST0013,2025-07-29,Online,Cancelled
ORD02160,CUST0271,2024-09-18,Store,Completed
ORD02161,CUST0008,2025-09-03,Distributor,Completed
ORD02162,CUST0379,2025-04-12,Store,Completed
ORD02163,CUST0150,2024-11-23,Distributor,Completed
ORD02164,CUST0123,2025-01-30,Store,Completed
ORD02165,CUST0488,2024-07-06,Online,Completed
ORD02166,CUST0113,2024-08-05,Store,Completed
ORD02167,CUST0334,2025-07-13,Distributor,Completed
ORD02168,CUST0339,2025-03-23,Distributor,Cancelled
ORD02169,CUST0079,2025-09-25,Store,Completed
ORD02170,CUST0071,2024-04-16,Distributor,Completed
ORD02171,CUST0294,2025-05-19,Store,Completed
ORD02172,CUST0249,2024-12-06,Online,Completed
ORD02173,CUST0336,2025-04-03,Distributor,Completed
ORD02174,CUST0152,2025-07-24,Store,Cancelled
ORD02175,CUST0414,2025-05-09,Store,Cancelled
ORD02176,CUST0116,2024-04-06,Distributor,Completed
ORD02177,CUST0414,2025-03-26,Distributor,Completed
ORD02178,CUST0377,2025-12-22,Store,Completed
ORD02179,CUST0183,2024-02-26,Online,Cancelled
ORD02180,CUST0110,2025-05-10,Store,Completed
ORD02181,CUST0086,2024-04-28,Online,Completed
ORD02182,CUST0475,2024-06-01,Distributor,Completed
ORD02183,CUST0210,2024-08-31,Online,Cancelled
ORD02184,CUST0128,2024-08-26,Store,Completed
ORD02185,CUST0269,2025-02-03,Online,Completed
ORD02186,CUST0400,2024-10-13,Distributor,Cancelled
ORD02187,CUST0125,2024-07-04,Distributor,Completed
ORD02188,CUST0327,2025-12-11,Distributor,Cancelled
ORD02189,CUST0461,2024-08-21,Online,Completed
ORD02190,CUST0333,2024-07-12,Distributor,Cancelled
ORD02191,CUST0059,2024-03-21,Distributor,Cancelled
ORD02192,CUST0041,2025-04-12,Online,Completed
ORD02193,CUST0410,2024-08-25,Store,Completed
ORD02194,CUST0146,2024-10-21,Store,Completed
ORD02195,CUST0131,2024-04-17,Online,Completed
ORD02196,CUST0440,2025-10-19,Distributor,Cancelled
ORD02197,CUST0167,2024-04-13,Distributor,Completed
ORD02198,CUST0083,2025-09-23,Distributor,Completed
ORD02199,CUST0120,2025-05-09,Online,Completed
ORD02200,CUST0438,2025-01-08,Distributor,Completed
ORD02201,CUST0099,2025-08-31,Online,Completed
ORD02202,CUST0366,2024-04-30,Online,Completed
ORD02203,CUST0205,2025-06-18,Online,Cancelled
ORD02204,CUST0078,2025-08-18,Distributor,Cancelled
ORD02205,CUST0281,2024-03-27,Store,Completed
ORD02206,CUST0155,2025-08-09,Distributor,Completed
ORD02207,CUST0004,2025-11-08,Distributor,Completed
ORD02208,CUST0110,2024-02-07,Distributor,Completed
ORD02209,CUST0291,2024-09-14,Online,Completed
ORD02210,CUST0473,2025-08-08,Distributor,Cancelled
ORD02211,CUST0425,2024-01-13,Store,Cancelled
ORD02212,CUST0389,2025-08-02,Store,Completed
ORD02213,CUST0043,2024-05-03,Store,Completed
ORD02214,CUST0473,2025-12-10,Distributor,Completed
ORD02215,CUST0343,2024-03-16,Online,Completed
ORD02216,CUST0103,2025-06-19,Distributor,Completed
ORD02217,CUST0404,2024-06-20,Distributor,Completed
ORD02218,CUST0398,2025-12-05,Store,Completed
ORD02219,CUST0141,2025-09-30,Distributor,Completed
ORD02220,CUST0002,2025-09-02,Store,Cancelled
ORD02221,CUST0220,2024-11-25,Store,Completed
ORD02222,CUST0101,2025-05-18,Store,Completed
ORD02223,CUST0133,2024-10-31,Store,Completed
ORD02224,CUST0212,2025-06-19,Store,Cancelled
ORD02225,CUST0284,2024-09-04,Online,Completed
ORD02226,CUST0334,2025-10-22,Online,Completed
ORD02227,CUST0146,2025-08-02,Online,Completed
ORD02228,CUST0388,2025-08-04,Distributor,Completed
ORD02229,CUST0219,2024-12-05,Online,Completed
ORD02230,CUST0307,2024-01-09,Online,Completed
ORD02231,CUST0395,2024-03-13,Online,Completed
ORD02232,CUST0235,2025-07-30,Online,Cancelled
ORD02233,CUST0310,2024-12-14,Store,Cancelled
ORD02234,CUST0159,2025-08-25,Store,Completed
ORD02235,CUST0116,2025-07-27,Distributor,Completed
ORD02236,CUST0414,2025-07-29,Distributor,Completed
ORD02237,CUST0279,2024-11-26,Online,Cancelled
ORD02238,CUST0339,2025-05-11,Store,Completed
ORD02239,CUST0246,2025-12-24,Store,Completed
ORD02240,CUST0197,2024-03-10,Store,Completed
ORD02241,CUST0347,2025-11-02,Distributor,Completed
ORD02242,CUST0141,2024-11-25,Distributor,Completed
ORD02243,CUST0299,2025-09-03,Distributor,Cancelled
ORD02244,CUST0270,2025-07-17,Online,Completed
ORD02245,CUST0428,2025-12-12,Store,Cancelled
ORD02246,CUST0418,2025-05-14,Online,Completed
ORD02247,CUST0317,2024-05-01,Store,Completed
ORD02248,CUST0338,2025-01-16,Store,Cancelled
ORD02249,CUST0115,2025-07-25,Online,Completed
ORD02250,CUST0387,2024-11-14,Online,Completed
ORD02251,CUST0235,2024-02-03,Online,Completed
ORD02252,CUST0227,2025-05-08,Distributor,Completed
ORD02253,CUST0270,2025-11-24,Store,Completed
ORD02254,CUST0128,2025-08-20,Distributor,Completed
ORD02255,CUST0424,2024-10-09,Store,Completed
ORD02256,CUST0059,2025-02-20,Store,Completed
ORD02257,CUST0361,2025-01-29,Online,Cancelled
ORD02258,CUST0145,2024-01-18,Distributor,Completed
ORD02259,CUST0082,2025-05-01,Distributor,Completed
ORD02260,CUST0038,2024-09-25,Online,Completed
ORD02261,CUST0051,2024-11-01,Distributor,Completed
ORD02262,CUST0008,2024-04-15,Online,Cancelled
ORD02263,CUST0403,2025-04-15,Store,Completed
ORD02264,CUST0323,2024-06-19,Online,Completed
ORD02265,CUST0208,2025-10-03,Online,Completed
ORD02266,CUST0004,2025-05-07,Store,Completed
ORD02267,CUST0315,2025-12-09,Store,Completed
ORD02268,CUST0416,2025-05-20,Online,Completed
ORD02269,CUST0024,2024-11-02,Distributor,Completed
ORD02270,CUST0083,2024-09-10,Distributor,Completed
ORD02271,CUST0156,2024-12-08,Store,Completed
ORD02272,CUST0361,2025-06-16,Distributor,Completed
ORD02273,CUST0359,2025-08-25,Distributor,Completed
ORD02274,CUST0390,2025-05-27,Distributor,Completed
ORD02275,CUST0442,2024-07-15,Store,Completed
ORD02276,CUST0494,2025-05-06,Distributor,Completed
ORD02277,CUST0160,2025-09-19,Online,Completed
ORD02278,CUST0404,2024-05-27,Store,Completed
ORD02279,CUST0311,2025-11-29,Store,Completed
ORD02280,CUST0209,2024-05-28,Store,Cancelled
ORD02281,CUST0485,2024-12-28,Distributor,Cancelled
ORD02282,CUST0333,2025-04-15,Online,Completed
ORD02283,CUST0216,2024-10-31,Store,Completed
ORD02284,CUST0236,2024-01-02,Online,Cancelled
ORD02285,CUST0404,2024-01-12,Store,Cancelled
ORD02286,CUST0222,2024-01-11,Online,Completed
ORD02287,CUST0349,2025-03-11,Store,Completed
ORD02288,CUST0319,2024-05-12,Online,Completed
ORD02289,CUST0368,2024-10-17,Store,Completed
ORD02290,CUST0024,2024-02-09,Online,Completed
ORD02291,CUST0067,2025-03-01,Distributor,Completed
ORD02292,CUST0087,2025-06-21,Store,Cancelled
ORD02293,CUST0259,2025-09-10,Distributor,Completed
ORD02294,CUST0227,2025-04-02,Store,Completed
ORD02295,CUST0254,2025-03-05,Distributor,Completed
ORD02296,CUST0249,2025-05-12,Store,Completed
ORD02297,CUST0023,2025-11-07,Store,Completed
ORD02298,CUST0019,2025-03-29,Distributor,Completed
ORD02299,CUST0034,2024-12-21,Distributor,Cancelled
ORD02300,CUST0300,2025-09-04,Store,Completed
ORD02301,CUST0181,2025-10-27,Distributor,Completed
ORD02302,CUST0326,2024-11-08,Distributor,Completed
ORD02303,CUST0436,2025-03-02,Distributor,Completed
ORD02304,CUST0326,2024-10-23,Distributor,Completed
ORD02305,CUST0359,2025-12-02,Distributor,Completed
ORD02306,CUST0022,2025-12-20,Online,Cancelled
ORD02307,CUST0335,2025-09-28,Store,Completed
ORD02308,CUST0232,2024-08-23,Distributor,Completed
ORD02309,CUST0417,2024-02-07,Store,Completed
ORD02310,CUST0021,2024-12-22,Store,Completed
ORD02311,CUST0167,2024-10-06,Distributor,Cancelled
ORD02312,CUST0045,2025-12-21,Distributor,Completed
ORD02313,CUST0208,2025-08-26,Store,Completed
ORD02314,CUST0020,2025-10-17,Store,Completed
ORD02315,CUST0003,2025-12-09,Distributor,Completed
ORD02316,CUST0144,2024-11-29,Distributor,Cancelled
ORD02317,CUST0219,2024-07-14,Distributor,Completed
ORD02318,CUST0056,2024-12-22,Online,Cancelled
ORD02319,CUST0399,2024-05-05,Store,Completed
ORD02320,CUST0009,2025-12-19,Distributor,Completed
ORD02321,CUST0117,2024-07-28,Online,Completed
ORD02322,CUST0040,2025-05-25,Online,Completed
ORD02323,CUST0072,2024-03-10,Online,Cancelled
ORD02324,CUST0095,2024-09-22,Store,Cancelled
ORD02325,CUST0306,2025-10-23,Online,Completed
ORD02326,CUST0436,2025-04-17,Distributor,Completed
ORD02327,CUST0011,2024-10-02,Online,Completed
ORD02328,CUST0364,2025-05-23,Distributor,Completed
ORD02329,CUST0317,2025-12-11,Store,Completed
ORD02330,CUST0247,2025-03-26,Store,Completed
ORD02331,CUST0056,2025-08-04,Store,Cancelled
ORD02332,CUST0315,2024-03-30,Store,Cancelled
ORD02333,CUST0381,2024-04-01,Online,Completed
ORD02334,CUST0077,2025-11-24,Distributor,Cancelled
ORD02335,CUST0184,2025-11-01,Store,Completed
ORD02336,CUST0335,2024-05-07,Online,Completed
ORD02337,CUST0070,2024-10-19,Online,Completed
ORD02338,CUST0378,2025-07-18,Online,Completed
ORD02339,CUST0497,2024-10-17,Distributor,Completed
ORD02340,CUST0165,2024-06-14,Distributor,Completed
ORD02341,CUST0131,2024-09-07,Online,Completed
ORD02342,CUST0454,2024-09-17,Store,Completed
ORD02343,CUST0457,2024-06-28,Store,Completed
ORD02344,CUST0053,2024-03-03,Distributor,Completed
ORD02345,CUST0134,2024-05-31,Online,Completed
ORD02346,CUST0397,2024-01-17,Distributor,Completed
ORD02347,CUST0031,2025-12-14,Online,Completed
ORD02348,CUST0252,2025-08-12,Online,Completed
ORD02349,CUST0450,2025-02-25,Store,Completed
ORD02350,CUST0454,2025-05-14,Distributor,Cancelled
ORD02351,CUST0063,2025-08-09,Distributor,Completed
ORD02352,CUST0381,2025-01-07,Store,Completed
ORD02353,CUST0074,2025-12-11,Online,Cancelled
ORD02354,CUST0066,2024-08-11,Distributor,Cancelled
ORD02355,CUST0361,2025-06-04,Distributor,Completed
ORD02356,CUST0408,2024-10-11,Distributor,Completed
ORD02357,CUST0457,2024-09-26,Online,Completed
ORD02358,CUST0221,2024-12-16,Online,Cancelled
ORD02359,CUST0043,2024-10-31,Distributor,Completed
ORD02360,CUST0489,2025-09-03,Distributor,Cancelled
ORD02361,CUST0237,2025-03-06,Distributor,Cancelled
ORD02362,CUST0420,2025-08-16,Store,Completed
ORD02363,CUST0061,2024-06-25,Store,Completed
ORD02364,CUST0072,2024-08-14,Store,Cancelled
ORD02365,CUST0314,2024-10-12,Distributor,Completed
ORD02366,CUST0411,2024-09-02,Online,Cancelled
ORD02367,CUST0146,2025-05-20,Store,Completed
ORD02368,CUST0346,2025-09-03,Distributor,Cancelled
ORD02369,CUST0263,2025-01-04,Online,Completed
ORD02370,CUST0371,2024-08-16,Distributor,Completed
ORD02371,CUST0170,2024-08-27,Distributor,Completed
ORD02372,CUST0320,2025-05-08,Online,Cancelled
ORD02373,CUST0217,2024-06-09,Distributor,Completed
ORD02374,CUST0403,2024-01-09,Distributor,Cancelled
ORD02375,CUST0476,2024-02-04,Online,Completed
ORD02376,CUST0325,2025-08-23,Store,Completed
ORD02377,CUST0349,2024-12-01,Distributor,Completed
ORD02378,CUST0277,2024-12-09,Online,Completed
ORD02379,CUST0120,2025-05-25,Online,Completed
ORD02380,CUST0106,2025-12-15,Store,Completed
ORD02381,CUST0288,2025-05-06,Store,Completed
ORD02382,CUST0109,2025-03-27,Online,Completed
ORD02383,CUST0211,2024-12-14,Online,Completed
ORD02384,CUST0138,2024-04-14,Store,Completed
ORD02385,CUST0114,2024-03-09,Store,Completed
ORD02386,CUST0469,2024-02-21,Distributor,Completed
ORD02387,CUST0271,2025-04-29,Online,Completed
ORD02388,CUST0213,2024-02-16,Distributor,Cancelled
ORD02389,CUST0301,2025-11-18,Online,Completed
ORD02390,CUST0036,2025-07-23,Online,Completed
ORD02391,CUST0275,2024-02-02,Online,Completed
ORD02392,CUST0131,2024-06-17,Online,Completed
ORD02393,CUST0155,2024-02-24,Distributor,Cancelled
ORD02394,CUST0081,2024-06-13,Online,Completed
ORD02395,CUST0103,2025-07-09,Store,Completed
ORD02396,CUST0118,2024-05-11,Store,Completed
ORD02397,CUST0480,2024-07-19,Online,Completed
ORD02398,CUST0379,2024-04-20,Store,Completed
ORD02399,CUST0245,2024-10-09,Online,Completed
ORD02400,CUST0326,2025-08-16,Store,Completed
