transaction_id,order_id,product_id,quantity,discount,amount
TXN000001,ORD00001,P009,1,0.1,1080.0
TXN000002,ORD00001,P003,4,0.02,13720.0
TXN000003,ORD00002,P004,3,0.1,48600.0
TXN000004,ORD00002,P002,1,0.1,25200.0
TXN000005,ORD00003,P002,3,0.02,82320.0
TXN000006,ORD00004,P009,2,0.1,2160.0
TXN000007,ORD00004,P008,2,0.02,4312.0
TXN000008,ORD00005,P009,1,0.0,1200.0
TXN000009,ORD00006,P004,1,0.02,17640.0
TXN000010,ORD00007,P002,2,0.05,53200.0
TXN000011,ORD00007,P006,1,0.08,13800.0
TXN000012,ORD00008,P001,2,0.08,119600.0
TXN000013,ORD00009,P007,1,0.02,1764.0
TXN000014,ORD00010,P008,2,0.1,3960.0
TXN000015,ORD00010,P010,2,0.15,23800.0
TXN000016,ORD00011,P011,1,0.0,22000.0
TXN000017,ORD00011,P010,2,0.0,28000.0
TXN000018,ORD00012,P003,1,0.15,2975.0
TXN000019,ORD00013,P005,1,0.05,11400.0
TXN000020,ORD00013,P007,1,0.05,1710.0
TXN000021,ORD00013,P012,1,0.1,4050.0
TXN000022,ORD00014,P008,1,0.02,2156.0
TXN000023,ORD00015,P008,3,0.05,6270.0
TXN000024,ORD00016,P002,1,0.15,23800.0
TXN000025,ORD00017,P008,4,0.08,8096.0
TXN000026,ORD00018,P011,2,0.15,37400.0
TXN000027,ORD00019,P010,2,0.1,25200.0
TXN000028,ORD00020,P011,1,0.0,22000.0
TXN000029,ORD00020,P008,1,0.15,1870.0
TXN000030,ORD00021,P006,1,0.08,13800.0
TXN000031,ORD00021,P004,2,0.1,32400.0
TXN000032,ORD00022,P008,2,0.05,4180.0
TXN000033,ORD00022,P003,1,0.0,3500.0
TXN000034,ORD00023,P002,3,0.1,75600.0
TXN000035,ORD00024,P011,1,0.0,22000.0
TXN000036,ORD00025,P012,1,0.05,4275.0
TXN000037,ORD00026,P012,1,0.02,4410.0
TXN000038,ORD00026,P005,1,0.0,12000.0
TXN000039,ORD00027,P004,2,0.02,35280.0
TXN000040,ORD00028,P002,1,0.02,27440.0
TXN000041,ORD00028,P003,1,0.05,3325.0
TXN000042,ORD00028,P008,1,0.05,2090.0
TXN000043,ORD00029,P009,2,0.0,2400.0
TXN000044,ORD00030,P012,3,0.0,13500.0
TXN000045,ORD00030,P009,5,0.05,5700.0
TXN000046,ORD00031,P010,1,0.08,12880.0
TXN000047,ORD00032,P002,2,0.1,50400.0
TXN000048,ORD00033,P004,4,0.15,61200.0
TXN000049,ORD00034,P010,1,0.02,13720.0
TXN000050,ORD00035,P007,1,0.1,1620.0
TXN000051,ORD00036,P006,2,0.02,29400.0
TXN000052,ORD00036,P010,1,0.15,11900.0
TXN000053,ORD00037,P003,1,0.02,3430.0
TXN000054,ORD00038,P007,1,0.1,1620.0
TXN000055,ORD00039,P009,2,0.15,2040.0
TXN000056,ORD00039,P006,1,0.0,15000.0
TXN000057,ORD00040,P003,2,0.0,7000.0
TXN000058,ORD00041,P009,2,0.1,2160.0
TXN000059,ORD00041,P012,2,0.15,7650.0
TXN000060,ORD00042,P004,1,0.15,15300.0
TXN000061,ORD00042,P008,2,0.0,4400.0
TXN000062,ORD00043,P012,2,0.08,8280.0
TXN000063,ORD00044,P009,1,0.02,1176.0
TXN000064,ORD00045,P009,1,0.15,1020.0
TXN000065,ORD00045,P006,2,0.1,27000.0
TXN000066,ORD00046,P009,1,0.15,1020.0
TXN000067,ORD00046,P001,4,0.1,234000.0
TXN000068,ORD00047,P003,2,0.1,6300.0
TXN000069,ORD00048,P004,1,0.05,17100.0
TXN000070,ORD00049,P001,2,0.02,127400.0
TXN000071,ORD00050,P008,1,0.08,2024.0
TXN000072,ORD00050,P001,1,0.1,58500.0
TXN000073,ORD00051,P010,5,0.08,64400.0
TXN000074,ORD00051,P011,1,0.1,19800.0
TXN000075,ORD00052,P010,2,0.08,25760.0
TXN000076,ORD00052,P007,2,0.08,3312.0
TXN000077,ORD00052,P011,3,0.08,60720.0
TXN000078,ORD00053,P003,2,0.15,5950.0
TXN000079,ORD00053,P007,1,0.08,1656.0
TXN000080,ORD00054,P008,1,0.15,1870.0
TXN000081,ORD00055,P005,3,0.1,32400.0
TXN000082,ORD00056,P001,1,0.1,58500.0
TXN000083,ORD00057,P002,1,0.08,25760.0
TXN000084,ORD00058,P010,2,0.15,23800.0
TXN000085,ORD00059,P002,1,0.08,25760.0
TXN000086,ORD00059,P001,1,0.05,61750.0
TXN000087,ORD00060,P005,1,0.1,10800.0
TXN000088,ORD00060,P002,1,0.08,25760.0
TXN000089,ORD00061,P011,1,0.02,21560.0
TXN000090,ORD00062,P008,3,0.1,5940.0
TXN000091,ORD00063,P012,1,0.1,4050.0
TXN000092,ORD00064,P006,3,0.05,42750.0
TXN000093,ORD00065,P004,1,0.05,17100.0
TXN000094,ORD00066,P008,2,0.08,4048.0
TXN000095,ORD00066,P009,1,0.0,1200.0
TXN000096,ORD00067,P007,2,0.1,3240.0
TXN000097,ORD00067,P010,2,0.08,25760.0
TXN000098,ORD00068,P010,1,0.05,13300.0
TXN000099,ORD00069,P002,2,0.0,56000.0
TXN000100,ORD00069,P001,1,0.1,58500.0
TXN000101,ORD00070,P009,1,0.1,1080.0
TXN000102,ORD00071,P011,1,0.0,22000.0
TXN000103,ORD00072,P008,1,0.1,1980.0
TXN000104,ORD00072,P006,1,0.1,13500.0
TXN000105,ORD00073,P008,2,0.08,4048.0
TXN000106,ORD00074,P004,3,0.0,54000.0
TXN000107,ORD00074,P003,2,0.0,7000.0
TXN000108,ORD00075,P004,4,0.15,61200.0
TXN000109,ORD00076,P012,1,0.0,4500.0
TXN000110,ORD00077,P006,1,0.02,14700.0
TXN000111,ORD00077,P011,1,0.08,20240.0
TXN000112,ORD00078,P007,1,0.05,1710.0
TXN000113,ORD00079,P007,3,0.1,4860.0
TXN000114,ORD00080,P001,1,0.05,61750.0
TXN000115,ORD00080,P012,2,0.15,7650.0
TXN000116,ORD00081,P005,1,0.15,10200.0
TXN000117,ORD00082,P010,3,0.0,42000.0
TXN000118,ORD00083,P011,3,0.05,62700.0
TXN000119,ORD00083,P009,4,0.15,4080.0
TXN000120,ORD00084,P007,1,0.02,1764.0
TXN000121,ORD00085,P011,1,0.1,19800.0
TXN000122,ORD00085,P008,2,0.08,4048.0
TXN000123,ORD00086,P011,2,0.05,41800.0
TXN000124,ORD00087,P003,3,0.0,10500.0
TXN000125,ORD00088,P001,2,0.02,127400.0
TXN000126,ORD00089,P008,1,0.1,1980.0
TXN000127,ORD00090,P010,2,0.08,25760.0
TXN000128,ORD00091,P004,5,0.02,88200.0
TXN000129,ORD00091,P007,1,0.0,1800.0
TXN000130,ORD00091,P005,2,0.05,22800.0
TXN000131,ORD00092,P010,2,0.08,25760.0
TXN000132,ORD00093,P002,1,0.0,28000.0
TXN000133,ORD00094,P007,3,0.02,5292.0
TXN000134,ORD00094,P001,2,0.02,127400.0
TXN000135,ORD00095,P005,1,0.08,11040.0
TXN000136,ORD00096,P001,2,0.0,130000.0
TXN000137,ORD00097,P011,3,0.15,56100.0
TXN000138,ORD00098,P006,1,0.08,13800.0
TXN000139,ORD00099,P007,5,0.0,9000.0
TXN000140,ORD00099,P011,2,0.08,40480.0
TXN000141,ORD00100,P011,3,0.15,56100.0
TXN000142,ORD00100,P004,3,0.05,51300.0
TXN000143,ORD00100,P010,2,0.0,28000.0
TXN000144,ORD00101,P009,2,0.0,2400.0
TXN000145,ORD00102,P004,1,0.0,18000.0
TXN000146,ORD00103,P006,2,0.1,27000.0
TXN000147,ORD00104,P006,1,0.15,12750.0
TXN000148,ORD00105,P008,1,0.02,2156.0
TXN000149,ORD00105,P012,2,0.08,8280.0
TXN000150,ORD00106,P008,2,0.15,3740.0
TXN000151,ORD00106,P011,2,0.02,43120.0
TXN000152,ORD00106,P001,3,0.08,179400.0
TXN000153,ORD00107,P005,2,0.1,21600.0
TXN000154,ORD00107,P010,2,0.05,26600.0
TXN000155,ORD00108,P011,2,0.1,39600.0
TXN000156,ORD00108,P010,2,0.15,23800.0
TXN000157,ORD00109,P004,1,0.0,18000.0
TXN000158,ORD00110,P009,2,0.05,2280.0
TXN000159,ORD00111,P008,1,0.05,2090.0
TXN000160,ORD00111,P009,1,0.05,1140.0
TXN000161,ORD00112,P004,2,0.05,34200.0
TXN000162,ORD00113,P007,1,0.08,1656.0
TXN000163,ORD00114,P005,1,0.08,11040.0
TXN000164,ORD00115,P002,3,0.05,79800.0
TXN000165,ORD00115,P010,1,0.08,12880.0
TXN000166,ORD00116,P002,1,0.02,27440.0
TXN000167,ORD00117,P009,1,0.1,1080.0
TXN000168,ORD00117,P011,1,0.08,20240.0
TXN000169,ORD00118,P012,3,0.02,13230.0
TXN000170,ORD00119,P007,1,0.1,1620.0
TXN000171,ORD00120,P009,3,0.0,3600.0
TXN000172,ORD00120,P011,1,0.02,21560.0
TXN000173,ORD00121,P003,1,0.15,2975.0
TXN000174,ORD00121,P005,3,0.0,36000.0
TXN000175,ORD00122,P002,2,0.1,50400.0
TXN000176,ORD00123,P003,1,0.1,3150.0
TXN000177,ORD00124,P007,1,0.1,1620.0
TXN000178,ORD00125,P007,1,0.05,1710.0
TXN000179,ORD00125,P002,2,0.08,51520.0
TXN000180,ORD00126,P008,4,0.08,8096.0
TXN000181,ORD00127,P011,1,0.05,20900.0
TXN000182,ORD00128,P010,1,0.1,12600.0
TXN000183,ORD00129,P011,2,0.15,37400.0
TXN000184,ORD00130,P001,4,0.0,260000.0
TXN000185,ORD00130,P009,1,0.05,1140.0
TXN000186,ORD00131,P010,3,0.02,41160.0
TXN000187,ORD00131,P006,2,0.1,27000.0
TXN000188,ORD00132,P002,1,0.05,26600.0
TXN000189,ORD00133,P004,1,0.08,16560.0
TXN000190,ORD00134,P006,3,0.05,42750.0
TXN000191,ORD00134,P008,4,0.02,8624.0
TXN000192,ORD00135,P012,1,0.05,4275.0
TXN000193,ORD00136,P008,1,0.05,2090.0
TXN000194,ORD00136,P007,2,0.05,3420.0
TXN000195,ORD00136,P010,1,0.02,13720.0
TXN000196,ORD00137,P005,3,0.1,32400.0
TXN000197,ORD00138,P012,4,0.0,18000.0
TXN000198,ORD00139,P011,1,0.1,19800.0
TXN000199,ORD00140,P001,1,0.0,65000.0
TXN000200,ORD00140,P007,2,0.15,3060.0
TXN000201,ORD00141,P002,1,0.15,23800.0
TXN000202,ORD00142,P001,3,0.02,191100.0
TXN000203,ORD00143,P002,3,0.05,79800.0
TXN000204,ORD00144,P010,1,0.15,11900.0
TXN000205,ORD00144,P005,4,0.0,48000.0
TXN000206,ORD00144,P001,2,0.02,127400.0
TXN000207,ORD00145,P011,1,0.05,20900.0
TXN000208,ORD00145,P010,1,0.02,13720.0
TXN000209,ORD00146,P012,1,0.02,4410.0
TXN000210,ORD00146,P004,3,0.02,52920.0
TXN000211,ORD00147,P012,4,0.02,17640.0
TXN000212,ORD00148,P005,1,0.0,12000.0
TXN000213,ORD00149,P011,1,0.0,22000.0
TXN000214,ORD00150,P001,1,0.0,65000.0
TXN000215,ORD00151,P003,5,0.05,16625.0
TXN000216,ORD00151,P007,2,0.0,3600.0
TXN000217,ORD00151,P001,1,0.0,65000.0
TXN000218,ORD00152,P010,1,0.0,14000.0
TXN000219,ORD00152,P002,3,0.1,75600.0
TXN000220,ORD00152,P009,1,0.1,1080.0
TXN000221,ORD00153,P006,2,0.15,25500.0
TXN000222,ORD00154,P006,3,0.1,40500.0
TXN000223,ORD00155,P009,1,0.1,1080.0
TXN000224,ORD00156,P006,2,0.02,29400.0
TXN000225,ORD00157,P010,2,0.08,25760.0
TXN000226,ORD00158,P002,1,0.02,27440.0
TXN000227,ORD00159,P010,5,0.02,68600.0
TXN000228,ORD00160,P012,1,0.02,4410.0
TXN000229,ORD00160,P008,3,0.1,5940.0
TXN000230,ORD00161,P011,1,0.0,22000.0
TXN000231,ORD00161,P010,1,0.02,13720.0
TXN000232,ORD00162,P003,2,0.15,5950.0
TXN000233,ORD00162,P007,1,0.1,1620.0
TXN000234,ORD00162,P010,2,0.0,28000.0
TXN000235,ORD00163,P006,1,0.0,15000.0
TXN000236,ORD00163,P008,1,0.15,1870.0
TXN000237,ORD00164,P010,3,0.05,39900.0
TXN000238,ORD00165,P003,1,0.02,3430.0
TXN000239,ORD00166,P008,1,0.08,2024.0
TXN000240,ORD00166,P011,1,0.05,20900.0
TXN000241,ORD00166,P007,1,0.05,1710.0
TXN000242,ORD00167,P001,1,0.1,58500.0
TXN000243,ORD00167,P007,1,0.02,1764.0
TXN000244,ORD00168,P008,1,0.15,1870.0
TXN000245,ORD00169,P002,1,0.15,23800.0
TXN000246,ORD00169,P005,1,0.02,11760.0
TXN000247,ORD00170,P002,1,0.0,28000.0
TXN000248,ORD00171,P012,2,0.02,8820.0
TXN000249,ORD00172,P004,3,0.02,52920.0
TXN000250,ORD00173,P010,3,0.08,38640.0
TXN000251,ORD00174,P011,1,0.08,20240.0
TXN000252,ORD00175,P003,2,0.08,6440.0
TXN000253,ORD00175,P006,3,0.02,44100.0
TXN000254,ORD00176,P009,1,0.0,1200.0
TXN000255,ORD00177,P009,4,0.0,4800.0
TXN000256,ORD00178,P006,5,0.15,63750.0
TXN000257,ORD00179,P009,2,0.1,2160.0
TXN000258,ORD00180,P001,1,0.02,63700.0
TXN000259,ORD00180,P009,4,0.0,4800.0
TXN000260,ORD00181,P007,1,0.05,1710.0
TXN000261,ORD00182,P008,2,0.1,3960.0
TXN000262,ORD00182,P002,2,0.08,51520.0
TXN000263,ORD00183,P006,1,0.15,12750.0
TXN000264,ORD00183,P009,2,0.1,2160.0
TXN000265,ORD00184,P006,4,0.08,55200.0
TXN000266,ORD00184,P009,2,0.15,2040.0
TXN000267,ORD00185,P005,2,0.15,20400.0
TXN000268,ORD00185,P012,1,0.02,4410.0
TXN000269,ORD00186,P006,2,0.02,29400.0
TXN000270,ORD00187,P001,4,0.05,247000.0
TXN000271,ORD00188,P006,1,0.15,12750.0
TXN000272,ORD00188,P002,2,0.15,47600.0
TXN000273,ORD00189,P006,2,0.1,27000.0
TXN000274,ORD00190,P008,1,0.15,1870.0
TXN000275,ORD00190,P004,4,0.1,64800.0
TXN000276,ORD00191,P005,1,0.08,11040.0
TXN000277,ORD00192,P001,4,0.05,247000.0
TXN000278,ORD00193,P002,1,0.0,28000.0
TXN000279,ORD00194,P004,2,0.0,36000.0
TXN000280,ORD00195,P011,1,0.02,21560.0
TXN000281,ORD00196,P002,4,0.1,100800.0
TXN000282,ORD00197,P001,3,0.1,175500.0
TXN000283,ORD00198,P010,1,0.15,11900.0
TXN000284,ORD00198,P005,2,0.05,22800.0
TXN000285,ORD00199,P011,2,0.15,37400.0
TXN000286,ORD00199,P003,3,0.08,9660.0
TXN000287,ORD00199,P009,1,0.05,1140.0
TXN000288,ORD00200,P011,1,0.08,20240.0
TXN000289,ORD00201,P005,4,0.08,44160.0
TXN000290,ORD00202,P001,1,0.05,61750.0
TXN000291,ORD00203,P007,2,0.05,3420.0
TXN000292,ORD00204,P005,5,0.0,60000.0
TXN000293,ORD00205,P009,2,0.08,2208.0
TXN000294,ORD00206,P005,3,0.08,33120.0
TXN000295,ORD00207,P007,1,0.15,1530.0
TXN000296,ORD00208,P007,1,0.0,1800.0
TXN000297,ORD00208,P002,2,0.1,50400.0
TXN000298,ORD00209,P001,1,0.1,58500.0
TXN000299,ORD00210,P005,2,0.08,22080.0
TXN000300,ORD00211,P004,1,0.05,17100.0
TXN000301,ORD00212,P001,1,0.15,55250.0
TXN000302,ORD00213,P005,1,0.05,11400.0
TXN000303,ORD00214,P003,1,0.1,3150.0
TXN000304,ORD00214,P001,3,0.0,195000.0
TXN000305,ORD00215,P005,2,0.0,24000.0
TXN000306,ORD00215,P008,1,0.02,2156.0
TXN000307,ORD00215,P001,2,0.02,127400.0
TXN000308,ORD00216,P001,4,0.15,221000.0
TXN000309,ORD00216,P012,1,0.1,4050.0
TXN000310,ORD00217,P011,1,0.05,20900.0
TXN000311,ORD00217,P005,2,0.1,21600.0
TXN000312,ORD00217,P001,1,0.02,63700.0
TXN000313,ORD00218,P011,2,0.15,37400.0
TXN000314,ORD00219,P002,2,0.05,53200.0
TXN000315,ORD00219,P012,1,0.0,4500.0
TXN000316,ORD00220,P011,1,0.1,19800.0
TXN000317,ORD00221,P001,4,0.08,239200.0
TXN000318,ORD00222,P012,5,0.1,20250.0
TXN000319,ORD00222,P002,1,0.0,28000.0
TXN000320,ORD00223,P007,1,0.08,1656.0
TXN000321,ORD00223,P011,4,0.02,86240.0
TXN000322,ORD00224,P007,2,0.1,3240.0
TXN000323,ORD00225,P001,1,0.15,55250.0
TXN000324,ORD00226,P008,3,0.1,5940.0
TXN000325,ORD00227,P003,3,0.15,8925.0
TXN000326,ORD00228,P011,3,0.1,59400.0
TXN000327,ORD00229,P002,1,0.0,28000.0
TXN000328,ORD00229,P005,1,0.15,10200.0
TXN000329,ORD00230,P001,2,0.1,117000.0
TXN000330,ORD00231,P001,3,0.1,175500.0
TXN000331,ORD00231,P009,2,0.15,2040.0
TXN000332,ORD00232,P008,1,0.08,2024.0
TXN000333,ORD00233,P007,4,0.1,6480.0
TXN000334,ORD00233,P004,2,0.15,30600.0
TXN000335,ORD00234,P004,2,0.1,32400.0
TXN000336,ORD00235,P002,4,0.05,106400.0
TXN000337,ORD00236,P004,1,0.02,17640.0
TXN000338,ORD00237,P003,2,0.0,7000.0
TXN000339,ORD00238,P004,1,0.15,15300.0
TXN000340,ORD00239,P002,1,0.05,26600.0
TXN000341,ORD00240,P001,2,0.0,130000.0
TXN000342,ORD00241,P009,3,0.05,3420.0
TXN000343,ORD00241,P006,3,0.08,41400.0
TXN000344,ORD00242,P010,1,0.02,13720.0
TXN000345,ORD00242,P007,2,0.15,3060.0
TXN000346,ORD00243,P009,3,0.0,3600.0
TXN000347,ORD00244,P008,1,0.0,2200.0
TXN000348,ORD00244,P001,1,0.1,58500.0
TXN000349,ORD00245,P011,1,0.08,20240.0
TXN000350,ORD00245,P002,2,0.08,51520.0
TXN000351,ORD00246,P008,4,0.0,8800.0
TXN000352,ORD00247,P002,2,0.08,51520.0
TXN000353,ORD00247,P006,1,0.05,14250.0
TXN000354,ORD00248,P007,1,0.0,1800.0
TXN000355,ORD00249,P001,1,0.15,55250.0
TXN000356,ORD00250,P009,3,0.08,3312.0
TXN000357,ORD00251,P006,1,0.05,14250.0
TXN000358,ORD00252,P001,1,0.05,61750.0
TXN000359,ORD00253,P004,2,0.15,30600.0
TXN000360,ORD00254,P001,2,0.02,127400.0
TXN000361,ORD00254,P007,1,0.1,1620.0
TXN000362,ORD00255,P011,3,0.05,62700.0
TXN000363,ORD00255,P006,2,0.08,27600.0
TXN000364,ORD00256,P012,1,0.15,3825.0
TXN000365,ORD00257,P003,3,0.08,9660.0
TXN000366,ORD00258,P003,2,0.05,6650.0
TXN000367,ORD00258,P012,1,0.1,4050.0
TXN000368,ORD00259,P004,1,0.08,16560.0
TXN000369,ORD00260,P010,1,0.02,13720.0
TXN000370,ORD00261,P006,3,0.02,44100.0
TXN000371,ORD00261,P001,4,0.1,234000.0
TXN000372,ORD00262,P004,1,0.15,15300.0
TXN000373,ORD00263,P010,1,0.0,14000.0
TXN000374,ORD00263,P009,1,0.02,1176.0
TXN000375,ORD00264,P002,3,0.15,71400.0
TXN000376,ORD00265,P009,1,0.05,1140.0
TXN000377,ORD00266,P001,3,0.02,191100.0
TXN000378,ORD00267,P007,4,0.0,7200.0
TXN000379,ORD00268,P001,1,0.15,55250.0
TXN000380,ORD00269,P008,1,0.0,2200.0
TXN000381,ORD00270,P012,2,0.15,7650.0
TXN000382,ORD00271,P012,3,0.15,11475.0
TXN000383,ORD00272,P002,2,0.08,51520.0
TXN000384,ORD00272,P011,1,0.1,19800.0
TXN000385,ORD00273,P008,1,0.02,2156.0
TXN000386,ORD00274,P008,1,0.15,1870.0
TXN000387,ORD00275,P006,1,0.1,13500.0
TXN000388,ORD00275,P012,2,0.1,8100.0
TXN000389,ORD00275,P007,4,0.02,7056.0
TXN000390,ORD00276,P002,1,0.02,27440.0
TXN000391,ORD00277,P012,1,0.0,4500.0
TXN000392,ORD00278,P012,2,0.1,8100.0
TXN000393,ORD00279,P009,1,0.1,1080.0
TXN000394,ORD00280,P001,1,0.02,63700.0
TXN000395,ORD00280,P007,1,0.02,1764.0
TXN000396,ORD00281,P012,1,0.0,4500.0
TXN000397,ORD00282,P008,1,0.05,2090.0
TXN000398,ORD00282,P009,1,0.15,1020.0
TXN000399,ORD00283,P003,1,0.02,3430.0
TXN000400,ORD00283,P001,1,0.1,58500.0
TXN000401,ORD00283,P004,4,0.0,72000.0
TXN000402,ORD00284,P007,2,0.0,3600.0
TXN000403,ORD00284,P012,1,0.1,4050.0
TXN000404,ORD00285,P006,2,0.02,29400.0
TXN000405,ORD00286,P011,2,0.0,44000.0
TXN000406,ORD00286,P005,2,0.0,24000.0
TXN000407,ORD00287,P006,1,0.05,14250.0
TXN000408,ORD00288,P011,1,0.08,20240.0
TXN000409,ORD00288,P001,1,0.15,55250.0
TXN000410,ORD00289,P006,3,0.08,41400.0
TXN000411,ORD00290,P002,2,0.15,47600.0
TXN000412,ORD00290,P006,2,0.15,25500.0
TXN000413,ORD00291,P008,1,0.05,2090.0
TXN000414,ORD00291,P002,1,0.0,28000.0
TXN000415,ORD00292,P011,4,0.1,79200.0
TXN000416,ORD00292,P005,2,0.1,21600.0
TXN000417,ORD00293,P004,1,0.0,18000.0
TXN000418,ORD00294,P008,4,0.15,7480.0
TXN000419,ORD00295,P001,3,0.05,185250.0
TXN000420,ORD00296,P001,3,0.1,175500.0
TXN000421,ORD00296,P010,1,0.08,12880.0
TXN000422,ORD00297,P012,4,0.1,16200.0
TXN000423,ORD00297,P010,1,0.05,13300.0
TXN000424,ORD00298,P008,3,0.08,6072.0
TXN000425,ORD00298,P002,2,0.1,50400.0
TXN000426,ORD00299,P009,1,0.1,1080.0
TXN000427,ORD00300,P006,1,0.02,14700.0
TXN000428,ORD00301,P007,3,0.0,5400.0
TXN000429,ORD00302,P008,2,0.02,4312.0
TXN000430,ORD00303,P006,3,0.02,44100.0
TXN000431,ORD00304,P008,1,0.08,2024.0
TXN000432,ORD00305,P001,2,0.08,119600.0
TXN000433,ORD00305,P004,1,0.02,17640.0
TXN000434,ORD00305,P011,1,0.15,18700.0
TXN000435,ORD00306,P006,1,0.08,13800.0
TXN000436,ORD00306,P012,2,0.05,8550.0
TXN000437,ORD00307,P005,3,0.15,30600.0
TXN000438,ORD00308,P002,1,0.0,28000.0
TXN000439,ORD00309,P010,1,0.15,11900.0
TXN000440,ORD00310,P010,1,0.05,13300.0
TXN000441,ORD00311,P008,1,0.15,1870.0
TXN000442,ORD00312,P004,4,0.0,72000.0
TXN000443,ORD00313,P011,2,0.0,44000.0
TXN000444,ORD00314,P008,1,0.08,2024.0
TXN000445,ORD00314,P012,1,0.08,4140.0
TXN000446,ORD00315,P002,3,0.02,82320.0
TXN000447,ORD00316,P005,3,0.08,33120.0
TXN000448,ORD00317,P003,3,0.0,10500.0
TXN000449,ORD00317,P009,1,0.02,1176.0
TXN000450,ORD00318,P010,4,0.0,56000.0
TXN000451,ORD00318,P004,1,0.1,16200.0
TXN000452,ORD00319,P005,3,0.15,30600.0
TXN000453,ORD00319,P010,1,0.08,12880.0
TXN000454,ORD00320,P006,1,0.0,15000.0
TXN000455,ORD00321,P003,1,0.08,3220.0
TXN000456,ORD00321,P005,3,0.05,34200.0
TXN000457,ORD00322,P010,1,0.15,11900.0
TXN000458,ORD00323,P010,1,0.0,14000.0
TXN000459,ORD00323,P004,2,0.15,30600.0
TXN000460,ORD00324,P012,2,0.05,8550.0
TXN000461,ORD00325,P005,1,0.05,11400.0
TXN000462,ORD00326,P007,3,0.1,4860.0
TXN000463,ORD00327,P003,1,0.15,2975.0
TXN000464,ORD00328,P007,1,0.15,1530.0
TXN000465,ORD00329,P002,2,0.05,53200.0
TXN000466,ORD00330,P006,1,0.15,12750.0
TXN000467,ORD00331,P002,1,0.05,26600.0
TXN000468,ORD00331,P008,2,0.0,4400.0
TXN000469,ORD00332,P001,5,0.08,299000.0
TXN000470,ORD00333,P004,2,0.0,36000.0
TXN000471,ORD00333,P005,2,0.0,24000.0
TXN000472,ORD00334,P008,2,0.0,4400.0
TXN000473,ORD00334,P001,1,0.15,55250.0
TXN000474,ORD00335,P006,4,0.05,57000.0
TXN000475,ORD00336,P004,4,0.1,64800.0
TXN000476,ORD00336,P001,1,0.05,61750.0
TXN000477,ORD00337,P009,1,0.05,1140.0
TXN000478,ORD00338,P010,2,0.02,27440.0
TXN000479,ORD00338,P011,3,0.08,60720.0
TXN000480,ORD00339,P003,3,0.15,8925.0
TXN000481,ORD00340,P004,2,0.0,36000.0
TXN000482,ORD00340,P010,3,0.05,39900.0
TXN000483,ORD00341,P002,2,0.02,54880.0
TXN000484,ORD00342,P012,1,0.1,4050.0
TXN000485,ORD00343,P008,1,0.02,2156.0
TXN000486,ORD00344,P002,1,0.0,28000.0
TXN000487,ORD00344,P012,2,0.08,8280.0
TXN000488,ORD00345,P007,1,0.08,1656.0
TXN000489,ORD00346,P007,1,0.08,1656.0
TXN000490,ORD00347,P002,2,0.15,47600.0
TXN000491,ORD00348,P009,4,0.1,4320.0
TXN000492,ORD00349,P001,1,0.0,65000.0
TXN000493,ORD00350,P012,2,0.0,9000.0
TXN000494,ORD00351,P002,1,0.1,25200.0
TXN000495,ORD00352,P005,1,0.05,11400.0
TXN000496,ORD00353,P001,1,0.08,59800.0
TXN000497,ORD00354,P007,1,0.0,1800.0
TXN000498,ORD00355,P008,2,0.02,4312.0
TXN000499,ORD00356,P006,2,0.1,27000.0
TXN000500,ORD00356,P003,1,0.02,3430.0
TXN000501,ORD00357,P006,3,0.1,40500.0
TXN000502,ORD00358,P008,2,0.05,4180.0
TXN000503,ORD00359,P004,2,0.08,33120.0
TXN000504,ORD00360,P008,2,0.05,4180.0
TXN000505,ORD00361,P011,3,0.08,60720.0
TXN000506,ORD00361,P007,1,0.08,1656.0
TXN000507,ORD00362,P011,1,0.15,18700.0
TXN000508,ORD00363,P001,2,0.02,127400.0
TXN000509,ORD00364,P005,2,0.15,20400.0
TXN000510,ORD00365,P012,3,0.02,13230.0
TXN000511,ORD00365,P004,3,0.15,45900.0
TXN000512,ORD00366,P002,1,0.02,27440.0
TXN000513,ORD00367,P005,1,0.08,11040.0
TXN000514,ORD00368,P010,1,0.1,12600.0
TXN000515,ORD00368,P012,1,0.0,4500.0
TXN000516,ORD00369,P011,1,0.15,18700.0
TXN000517,ORD00369,P001,3,0.1,175500.0
TXN000518,ORD00369,P007,1,0.1,1620.0
TXN000519,ORD00370,P009,3,0.15,3060.0
TXN000520,ORD00371,P009,3,0.1,3240.0
TXN000521,ORD00372,P003,1,0.05,3325.0
TXN000522,ORD00373,P007,2,0.05,3420.0
TXN000523,ORD00374,P003,3,0.15,8925.0
TXN000524,ORD00375,P005,1,0.05,11400.0
TXN000525,ORD00376,P008,3,0.08,6072.0
TXN000526,ORD00377,P004,3,0.02,52920.0
TXN000527,ORD00377,P008,2,0.08,4048.0
TXN000528,ORD00377,P010,1,0.0,14000.0
TXN000529,ORD00378,P007,1,0.0,1800.0
TXN000530,ORD00379,P010,2,0.02,27440.0
TXN000531,ORD00380,P007,2,0.0,3600.0
TXN000532,ORD00380,P001,2,0.08,119600.0
TXN000533,ORD00381,P007,1,0.05,1710.0
TXN000534,ORD00382,P012,3,0.1,12150.0
TXN000535,ORD00382,P009,1,0.15,1020.0
TXN000536,ORD00383,P010,1,0.08,12880.0
TXN000537,ORD00383,P009,2,0.08,2208.0
TXN000538,ORD00384,P001,1,0.0,65000.0
TXN000539,ORD00384,P004,1,0.05,17100.0
TXN000540,ORD00385,P001,3,0.1,175500.0
TXN000541,ORD00385,P012,2,0.02,8820.0
TXN000542,ORD00385,P009,2,0.1,2160.0
TXN000543,ORD00386,P012,1,0.02,4410.0
TXN000544,ORD00387,P011,2,0.08,40480.0
TXN000545,ORD00388,P006,1,0.05,14250.0
TXN000546,ORD00388,P007,2,0.05,3420.0
TXN000547,ORD00389,P005,3,0.15,30600.0
TXN000548,ORD00390,P010,1,0.1,12600.0
TXN000549,ORD00391,P001,4,0.1,234000.0
TXN000550,ORD00392,P009,2,0.0,2400.0
TXN000551,ORD00393,P010,1,0.08,12880.0
TXN000552,ORD00394,P007,2,0.1,3240.0
TXN000553,ORD00395,P002,1,0.15,23800.0
TXN000554,ORD00396,P002,2,0.08,51520.0
TXN000555,ORD00397,P009,1,0.02,1176.0
TXN000556,ORD00397,P001,2,0.0,130000.0
TXN000557,ORD00398,P001,4,0.15,221000.0
TXN000558,ORD00399,P006,2,0.05,28500.0
TXN000559,ORD00399,P007,1,0.05,1710.0
TXN000560,ORD00400,P006,1,0.0,15000.0
TXN000561,ORD00401,P009,1,0.15,1020.0
TXN000562,ORD00402,P003,2,0.05,6650.0
TXN000563,ORD00402,P004,2,0.15,30600.0
TXN000564,ORD00403,P006,1,0.1,13500.0
TXN000565,ORD00404,P010,1,0.05,13300.0
TXN000566,ORD00404,P008,3,0.0,6600.0
TXN000567,ORD00405,P003,1,0.0,3500.0
TXN000568,ORD00406,P005,1,0.1,10800.0
TXN000569,ORD00406,P008,2,0.08,4048.0
TXN000570,ORD00407,P006,1,0.1,13500.0
TXN000571,ORD00408,P009,1,0.05,1140.0
TXN000572,ORD00409,P006,2,0.15,25500.0
TXN000573,ORD00410,P003,1,0.05,3325.0
TXN000574,ORD00410,P010,1,0.1,12600.0
TXN000575,ORD00411,P007,1,0.08,1656.0
TXN000576,ORD00411,P010,1,0.08,12880.0
TXN000577,ORD00412,P003,1,0.02,3430.0
TXN000578,ORD00413,P001,1,0.02,63700.0
TXN000579,ORD00414,P010,3,0.08,38640.0
TXN000580,ORD00415,P007,3,0.1,4860.0
TXN000581,ORD00416,P003,1,0.15,2975.0
TXN000582,ORD00417,P002,2,0.05,53200.0
TXN000583,ORD00417,P009,1,0.0,1200.0
TXN000584,ORD00418,P006,1,0.15,12750.0
TXN000585,ORD00418,P003,3,0.0,10500.0
TXN000586,ORD00419,P007,2,0.05,3420.0
TXN000587,ORD00419,P001,1,0.0,65000.0
TXN000588,ORD00420,P008,3,0.1,5940.0
TXN000589,ORD00421,P003,2,0.02,6860.0
TXN000590,ORD00422,P004,1,0.02,17640.0
TXN000591,ORD00422,P010,3,0.02,41160.0
TXN000592,ORD00422,P005,1,0.02,11760.0
TXN000593,ORD00423,P009,3,0.15,3060.0
TXN000594,ORD00423,P005,1,0.0,12000.0
TXN000595,ORD00424,P005,1,0.02,11760.0
TXN000596,ORD00425,P011,1,0.08,20240.0
TXN000597,ORD00425,P006,3,0.1,40500.0
TXN000598,ORD00426,P001,1,0.08,59800.0
TXN000599,ORD00427,P006,3,0.15,38250.0
TXN000600,ORD00428,P008,1,0.02,2156.0
TXN000601,ORD00428,P012,2,0.0,9000.0
TXN000602,ORD00429,P004,1,0.0,18000.0
TXN000603,ORD00430,P007,1,0.08,1656.0
TXN000604,ORD00430,P011,2,0.15,37400.0
TXN000605,ORD00430,P010,1,0.1,12600.0
TXN000606,ORD00431,P010,3,0.05,39900.0
TXN000607,ORD00431,P006,3,0.02,44100.0
TXN000608,ORD00432,P009,3,0.08,3312.0
TXN000609,ORD00433,P011,1,0.1,19800.0
TXN000610,ORD00433,P001,2,0.08,119600.0
TXN000611,ORD00434,P010,1,0.05,13300.0
TXN000612,ORD00435,P002,2,0.02,54880.0
TXN000613,ORD00436,P006,2,0.02,29400.0
TXN000614,ORD00437,P005,1,0.02,11760.0
TXN000615,ORD00438,P005,2,0.0,24000.0
TXN000616,ORD00439,P008,2,0.15,3740.0
TXN000617,ORD00439,P007,3,0.02,5292.0
TXN000618,ORD00440,P004,5,0.0,90000.0
TXN000619,ORD00441,P002,2,0.1,50400.0
TXN000620,ORD00442,P005,1,0.08,11040.0
TXN000621,ORD00443,P005,1,0.02,11760.0
TXN000622,ORD00443,P001,1,0.1,58500.0
TXN000623,ORD00444,P003,1,0.1,3150.0
TXN000624,ORD00445,P010,2,0.0,28000.0
TXN000625,ORD00446,P003,3,0.0,10500.0
TXN000626,ORD00446,P002,2,0.05,53200.0
TXN000627,ORD00446,P006,2,0.15,25500.0
TXN000628,ORD00447,P008,3,0.1,5940.0
TXN000629,ORD00448,P005,4,0.02,47040.0
TXN000630,ORD00448,P001,2,0.1,117000.0
TXN000631,ORD00449,P002,1,0.02,27440.0
TXN000632,ORD00450,P008,2,0.02,4312.0
TXN000633,ORD00450,P002,1,0.05,26600.0
TXN000634,ORD00450,P009,2,0.08,2208.0
TXN000635,ORD00451,P004,3,0.02,52920.0
TXN000636,ORD00452,P003,1,0.0,3500.0
TXN000637,ORD00453,P012,4,0.08,16560.0
TXN000638,ORD00454,P006,1,0.15,12750.0
TXN000639,ORD00455,P006,4,0.05,57000.0
TXN000640,ORD00456,P005,3,0.08,33120.0
TXN000641,ORD00456,P002,2,0.15,47600.0
TXN000642,ORD00456,P010,1,0.05,13300.0
TXN000643,ORD00457,P006,4,0.1,54000.0
TXN000644,ORD00458,P006,1,0.08,13800.0
TXN000645,ORD00458,P002,1,0.08,25760.0
TXN000646,ORD00459,P007,2,0.0,3600.0
TXN000647,ORD00460,P011,2,0.1,39600.0
TXN000648,ORD00461,P009,2,0.0,2400.0
TXN000649,ORD00462,P007,1,0.1,1620.0
TXN000650,ORD00463,P002,4,0.1,100800.0
TXN000651,ORD00463,P004,5,0.15,76500.0
TXN000652,ORD00464,P006,1,0.05,14250.0
TXN000653,ORD00465,P003,2,0.02,6860.0
TXN000654,ORD00465,P007,1,0.02,1764.0
TXN000655,ORD00466,P003,2,0.02,6860.0
TXN000656,ORD00467,P006,1,0.05,14250.0
TXN000657,ORD00468,P010,1,0.02,13720.0
TXN000658,ORD00469,P003,2,0.05,6650.0
TXN000659,ORD00469,P005,1,0.05,11400.0
TXN000660,ORD00469,P008,2,0.02,4312.0
TXN000661,ORD00470,P008,2,0.05,4180.0
TXN000662,ORD00470,P006,1,0.15,12750.0
TXN000663,ORD00470,P004,2,0.0,36000.0
TXN000664,ORD00471,P007,1,0.08,1656.0
TXN000665,ORD00472,P005,1,0.0,12000.0
TXN000666,ORD00473,P012,4,0.02,17640.0
TXN000667,ORD00473,P003,1,0.05,3325.0
TXN000668,ORD00473,P005,2,0.1,21600.0
TXN000669,ORD00474,P011,3,0.15,56100.0
TXN000670,ORD00474,P006,1,0.0,15000.0
TXN000671,ORD00475,P002,1,0.05,26600.0
TXN000672,ORD00476,P005,4,0.0,48000.0
TXN000673,ORD00476,P001,1,0.05,61750.0
TXN000674,ORD00477,P011,3,0.1,59400.0
TXN000675,ORD00478,P011,2,0.08,40480.0
TXN000676,ORD00479,P007,2,0.05,3420.0
TXN000677,ORD00479,P002,1,0.0,28000.0
TXN000678,ORD00480,P011,2,0.05,41800.0
TXN000679,ORD00481,P006,4,0.08,55200.0
TXN000680,ORD00482,P011,2,0.08,40480.0
TXN000681,ORD00482,P006,2,0.08,27600.0
TXN000682,ORD00482,P012,1,0.08,4140.0
TXN000683,ORD00483,P004,2,0.0,36000.0
TXN000684,ORD00484,P010,1,0.1,12600.0
TXN000685,ORD00484,P007,2,0.15,3060.0
TXN000686,ORD00485,P009,2,0.08,2208.0
TXN000687,ORD00486,P012,1,0.05,4275.0
TXN000688,ORD00487,P007,1,0.05,1710.0
TXN000689,ORD00488,P011,3,0.02,64680.0
TXN000690,ORD00489,P009,1,0.05,1140.0
TXN000691,ORD00489,P007,1,0.15,1530.0
TXN000692,ORD00490,P008,2,0.0,4400.0
TXN000693,ORD00491,P011,1,0.0,22000.0
TXN000694,ORD00492,P010,1,0.0,14000.0
TXN000695,ORD00493,P010,1,0.02,13720.0
TXN000696,ORD00494,P008,1,0.05,2090.0
TXN000697,ORD00494,P001,1,0.0,65000.0
TXN000698,ORD00494,P003,1,0.15,2975.0
TXN000699,ORD00495,P005,1,0.05,11400.0
TXN000700,ORD00496,P004,3,0.05,51300.0
TXN000701,ORD00496,P005,2,0.15,20400.0
TXN000702,ORD00496,P002,1,0.08,25760.0
TXN000703,ORD00497,P003,1,0.08,3220.0
TXN000704,ORD00498,P001,1,0.08,59800.0
TXN000705,ORD00499,P010,1,0.05,13300.0
TXN000706,ORD00499,P006,3,0.0,45000.0
TXN000707,ORD00500,P006,1,0.05,14250.0
TXN000708,ORD00501,P003,2,0.15,5950.0
TXN000709,ORD00501,P008,4,0.05,8360.0
TXN000710,ORD00502,P003,1,0.0,3500.0
TXN000711,ORD00503,P008,1,0.08,2024.0
TXN000712,ORD00504,P011,1,0.08,20240.0
TXN000713,ORD00505,P009,1,0.0,1200.0
TXN000714,ORD00505,P010,3,0.15,35700.0
TXN000715,ORD00505,P006,2,0.15,25500.0
TXN000716,ORD00506,P010,2,0.0,28000.0
TXN000717,ORD00506,P006,1,0.15,12750.0
TXN000718,ORD00507,P001,1,0.02,63700.0
TXN000719,ORD00507,P006,2,0.05,28500.0
TXN000720,ORD00508,P009,1,0.15,1020.0
TXN000721,ORD00509,P011,1,0.02,21560.0
TXN000722,ORD00510,P001,1,0.0,65000.0
TXN000723,ORD00511,P007,1,0.05,1710.0
TXN000724,ORD00511,P003,3,0.05,9975.0
TXN000725,ORD00512,P012,1,0.1,4050.0
TXN000726,ORD00512,P010,1,0.05,13300.0
TXN000727,ORD00512,P011,1,0.1,19800.0
TXN000728,ORD00513,P010,1,0.08,12880.0
TXN000729,ORD00514,P008,1,0.08,2024.0
TXN000730,ORD00515,P006,1,0.0,15000.0
TXN000731,ORD00515,P010,3,0.02,41160.0
TXN000732,ORD00515,P009,1,0.05,1140.0
TXN000733,ORD00516,P009,3,0.02,3528.0
TXN000734,ORD00516,P006,2,0.05,28500.0
TXN000735,ORD00517,P009,1,0.1,1080.0
TXN000736,ORD00517,P011,2,0.15,37400.0
TXN000737,ORD00518,P001,1,0.1,58500.0
TXN000738,ORD00519,P007,1,0.02,1764.0
TXN000739,ORD00520,P004,1,0.02,17640.0
TXN000740,ORD00521,P008,3,0.05,6270.0
TXN000741,ORD00522,P010,2,0.0,28000.0
TXN000742,ORD00523,P002,2,0.08,51520.0
TXN000743,ORD00523,P007,5,0.15,7650.0
TXN000744,ORD00524,P012,2,0.15,7650.0
TXN000745,ORD00525,P004,1,0.0,18000.0
TXN000746,ORD00525,P012,1,0.15,3825.0
TXN000747,ORD00526,P002,2,0.0,56000.0
TXN000748,ORD00527,P006,1,0.08,13800.0
TXN000749,ORD00527,P001,2,0.08,119600.0
TXN000750,ORD00528,P007,3,0.08,4968.0
TXN000751,ORD00529,P005,4,0.08,44160.0
TXN000752,ORD00529,P003,1,0.15,2975.0
TXN000753,ORD00530,P001,1,0.08,59800.0
TXN000754,ORD00531,P007,4,0.0,7200.0
TXN000755,ORD00531,P011,1,0.05,20900.0
TXN000756,ORD00532,P009,1,0.02,1176.0
TXN000757,ORD00533,P001,4,0.15,221000.0
TXN000758,ORD00534,P001,2,0.08,119600.0
TXN000759,ORD00534,P006,3,0.05,42750.0
TXN000760,ORD00535,P010,2,0.0,28000.0
TXN000761,ORD00536,P010,1,0.05,13300.0
TXN000762,ORD00537,P004,2,0.05,34200.0
TXN000763,ORD00537,P006,2,0.02,29400.0
TXN000764,ORD00538,P003,1,0.1,3150.0
TXN000765,ORD00538,P002,2,0.02,54880.0
TXN000766,ORD00538,P010,1,0.0,14000.0
TXN000767,ORD00539,P012,3,0.05,12825.0
TXN000768,ORD00539,P005,4,0.1,43200.0
TXN000769,ORD00540,P008,2,0.15,3740.0
TXN000770,ORD00541,P001,2,0.05,123500.0
TXN000771,ORD00542,P006,1,0.02,14700.0
TXN000772,ORD00543,P006,1,0.1,13500.0
TXN000773,ORD00544,P009,3,0.08,3312.0
TXN000774,ORD00545,P004,1,0.02,17640.0
TXN000775,ORD00546,P009,2,0.05,2280.0
TXN000776,ORD00547,P011,1,0.08,20240.0
TXN000777,ORD00548,P009,1,0.08,1104.0
TXN000778,ORD00549,P012,4,0.1,16200.0
TXN000779,ORD00550,P003,1,0.05,3325.0
TXN000780,ORD00550,P002,1,0.15,23800.0
TXN000781,ORD00551,P003,2,0.08,6440.0
TXN000782,ORD00552,P011,2,0.0,44000.0
TXN000783,ORD00553,P011,1,0.05,20900.0
TXN000784,ORD00553,P005,2,0.05,22800.0
TXN000785,ORD00554,P003,1,0.15,2975.0
TXN000786,ORD00555,P010,1,0.15,11900.0
TXN000787,ORD00555,P006,1,0.1,13500.0
TXN000788,ORD00555,P011,1,0.0,22000.0
TXN000789,ORD00556,P002,3,0.15,71400.0
TXN000790,ORD00557,P009,4,0.08,4416.0
TXN000791,ORD00557,P010,2,0.0,28000.0
TXN000792,ORD00557,P008,2,0.1,3960.0
TXN000793,ORD00558,P012,4,0.0,18000.0
TXN000794,ORD00558,P001,3,0.15,165750.0
TXN000795,ORD00559,P003,5,0.02,17150.0
TXN000796,ORD00560,P004,1,0.1,16200.0
TXN000797,ORD00561,P006,1,0.1,13500.0
TXN000798,ORD00561,P001,1,0.08,59800.0
TXN000799,ORD00562,P002,1,0.08,25760.0
TXN000800,ORD00563,P005,1,0.02,11760.0
TXN000801,ORD00564,P003,1,0.05,3325.0
TXN000802,ORD00564,P008,3,0.15,5610.0
TXN000803,ORD00565,P006,3,0.1,40500.0
TXN000804,ORD00566,P011,1,0.05,20900.0
TXN000805,ORD00566,P005,1,0.0,12000.0
TXN000806,ORD00567,P008,1,0.0,2200.0
TXN000807,ORD00567,P003,1,0.1,3150.0
TXN000808,ORD00568,P006,1,0.08,13800.0
TXN000809,ORD00568,P012,1,0.05,4275.0
TXN000810,ORD00569,P010,3,0.0,42000.0
TXN000811,ORD00570,P008,1,0.05,2090.0
TXN000812,ORD00571,P003,1,0.08,3220.0
TXN000813,ORD00571,P011,3,0.15,56100.0
TXN000814,ORD00572,P011,1,0.08,20240.0
TXN000815,ORD00573,P010,2,0.05,26600.0
TXN000816,ORD00574,P012,3,0.05,12825.0
TXN000817,ORD00575,P006,2,0.05,28500.0
TXN000818,ORD00576,P007,1,0.05,1710.0
TXN000819,ORD00577,P005,3,0.02,35280.0
TXN000820,ORD00577,P012,4,0.05,17100.0
TXN000821,ORD00578,P003,1,0.08,3220.0
TXN000822,ORD00578,P008,2,0.1,3960.0
TXN000823,ORD00578,P004,3,0.0,54000.0
TXN000824,ORD00579,P011,2,0.1,39600.0
TXN000825,ORD00580,P004,1,0.0,18000.0
TXN000826,ORD00581,P012,3,0.1,12150.0
TXN000827,ORD00582,P005,1,0.02,11760.0
TXN000828,ORD00583,P012,2,0.08,8280.0
TXN000829,ORD00584,P003,1,0.0,3500.0
TXN000830,ORD00584,P006,2,0.0,30000.0
TXN000831,ORD00585,P010,3,0.15,35700.0
TXN000832,ORD00586,P003,4,0.0,14000.0
TXN000833,ORD00587,P002,3,0.15,71400.0
TXN000834,ORD00587,P005,2,0.1,21600.0
TXN000835,ORD00588,P005,1,0.1,10800.0
TXN000836,ORD00589,P002,2,0.05,53200.0
TXN000837,ORD00590,P001,3,0.0,195000.0
TXN000838,ORD00590,P010,1,0.02,13720.0
TXN000839,ORD00590,P008,3,0.08,6072.0
TXN000840,ORD00591,P004,1,0.05,17100.0
TXN000841,ORD00591,P010,2,0.15,23800.0
TXN000842,ORD00592,P003,1,0.0,3500.0
TXN000843,ORD00593,P004,2,0.0,36000.0
TXN000844,ORD00594,P009,1,0.1,1080.0
TXN000845,ORD00595,P003,2,0.05,6650.0
TXN000846,ORD00596,P002,3,0.02,82320.0
TXN000847,ORD00596,P003,1,0.05,3325.0
TXN000848,ORD00597,P011,1,0.08,20240.0
TXN000849,ORD00597,P005,2,0.0,24000.0
TXN000850,ORD00598,P003,4,0.0,14000.0
TXN000851,ORD00599,P012,3,0.1,12150.0
TXN000852,ORD00600,P004,2,0.08,33120.0
TXN000853,ORD00600,P007,1,0.15,1530.0
TXN000854,ORD00601,P010,1,0.08,12880.0
TXN000855,ORD00602,P006,3,0.1,40500.0
TXN000856,ORD00603,P004,2,0.1,32400.0
TXN000857,ORD00603,P007,2,0.0,3600.0
TXN000858,ORD00603,P006,1,0.0,15000.0
TXN000859,ORD00604,P009,1,0.05,1140.0
TXN000860,ORD00605,P004,2,0.0,36000.0
TXN000861,ORD00605,P003,1,0.08,3220.0
TXN000862,ORD00606,P011,1,0.1,19800.0
TXN000863,ORD00607,P001,2,0.0,130000.0
TXN000864,ORD00608,P004,1,0.02,17640.0
TXN000865,ORD00609,P007,1,0.02,1764.0
TXN000866,ORD00610,P005,1,0.15,10200.0
TXN000867,ORD00611,P011,1,0.1,19800.0
TXN000868,ORD00612,P002,5,0.02,137200.0
TXN000869,ORD00613,P004,4,0.02,70560.0
TXN000870,ORD00614,P007,2,0.1,3240.0
TXN000871,ORD00614,P010,1,0.1,12600.0
TXN000872,ORD00614,P009,1,0.08,1104.0
TXN000873,ORD00615,P005,1,0.15,10200.0
TXN000874,ORD00616,P011,3,0.15,56100.0
TXN000875,ORD00617,P002,1,0.02,27440.0
TXN000876,ORD00618,P003,2,0.1,6300.0
TXN000877,ORD00618,P007,1,0.0,1800.0
TXN000878,ORD00619,P008,4,0.08,8096.0
TXN000879,ORD00620,P009,1,0.1,1080.0
TXN000880,ORD00621,P011,2,0.1,39600.0
TXN000881,ORD00622,P005,1,0.1,10800.0
TXN000882,ORD00623,P003,2,0.0,7000.0
TXN000883,ORD00623,P012,1,0.05,4275.0
TXN000884,ORD00624,P002,1,0.15,23800.0
TXN000885,ORD00624,P011,1,0.1,19800.0
TXN000886,ORD00625,P012,1,0.02,4410.0
TXN000887,ORD00626,P002,4,0.02,109760.0
TXN000888,ORD00627,P012,1,0.05,4275.0
TXN000889,ORD00627,P006,1,0.0,15000.0
TXN000890,ORD00627,P007,2,0.1,3240.0
TXN000891,ORD00628,P009,3,0.08,3312.0
TXN000892,ORD00629,P005,5,0.02,58800.0
TXN000893,ORD00630,P001,3,0.15,165750.0
TXN000894,ORD00630,P003,1,0.0,3500.0
TXN000895,ORD00631,P008,1,0.08,2024.0
TXN000896,ORD00632,P012,2,0.08,8280.0
TXN000897,ORD00633,P010,1,0.05,13300.0
TXN000898,ORD00633,P006,1,0.0,15000.0
TXN000899,ORD00633,P012,2,0.0,9000.0
TXN000900,ORD00634,P003,2,0.08,6440.0
TXN000901,ORD00635,P012,2,0.15,7650.0
TXN000902,ORD00635,P002,2,0.15,47600.0
TXN000903,ORD00636,P011,5,0.05,104500.0
TXN000904,ORD00637,P007,1,0.05,1710.0
TXN000905,ORD00638,P004,1,0.05,17100.0
TXN000906,ORD00639,P004,3,0.15,45900.0
TXN000907,ORD00639,P009,1,0.1,1080.0
TXN000908,ORD00640,P008,1,0.15,1870.0
TXN000909,ORD00641,P007,1,0.0,1800.0
TXN000910,ORD00641,P004,3,0.02,52920.0
TXN000911,ORD00642,P005,2,0.08,22080.0
TXN000912,ORD00643,P001,2,0.0,130000.0
TXN000913,ORD00643,P011,1,0.05,20900.0
TXN000914,ORD00644,P004,2,0.0,36000.0
TXN000915,ORD00645,P003,1,0.15,2975.0
TXN000916,ORD00645,P001,1,0.1,58500.0
TXN000917,ORD00646,P003,1,0.08,3220.0
TXN000918,ORD00647,P008,2,0.08,4048.0
TXN000919,ORD00648,P012,3,0.02,13230.0
TXN000920,ORD00649,P010,1,0.15,11900.0
TXN000921,ORD00649,P011,1,0.15,18700.0
TXN000922,ORD00650,P009,1,0.02,1176.0
TXN000923,ORD00650,P005,2,0.0,24000.0
TXN000924,ORD00651,P010,1,0.15,11900.0
TXN000925,ORD00652,P005,3,0.15,30600.0
TXN000926,ORD00652,P011,1,0.05,20900.0
TXN000927,ORD00653,P008,1,0.0,2200.0
TXN000928,ORD00654,P006,2,0.15,25500.0
TXN000929,ORD00654,P005,1,0.02,11760.0
TXN000930,ORD00655,P004,2,0.15,30600.0
TXN000931,ORD00656,P007,1,0.1,1620.0
TXN000932,ORD00657,P004,1,0.02,17640.0
TXN000933,ORD00657,P006,4,0.08,55200.0
TXN000934,ORD00658,P007,2,0.1,3240.0
TXN000935,ORD00659,P001,2,0.02,127400.0
TXN000936,ORD00659,P005,1,0.08,11040.0
TXN000937,ORD00659,P011,1,0.05,20900.0
TXN000938,ORD00660,P005,1,0.15,10200.0
TXN000939,ORD00661,P009,1,0.05,1140.0
TXN000940,ORD00662,P003,2,0.1,6300.0
TXN000941,ORD00663,P010,1,0.15,11900.0
TXN000942,ORD00663,P011,3,0.02,64680.0
TXN000943,ORD00664,P001,1,0.15,55250.0
TXN000944,ORD00665,P005,1,0.08,11040.0
TXN000945,ORD00665,P009,1,0.05,1140.0
TXN000946,ORD00665,P006,1,0.05,14250.0
TXN000947,ORD00666,P009,1,0.02,1176.0
TXN000948,ORD00667,P002,2,0.15,47600.0
TXN000949,ORD00667,P004,2,0.15,30600.0
TXN000950,ORD00668,P005,3,0.0,36000.0
TXN000951,ORD00669,P010,1,0.15,11900.0
TXN000952,ORD00670,P006,3,0.08,41400.0
TXN000953,ORD00671,P010,4,0.05,53200.0
TXN000954,ORD00672,P009,1,0.05,1140.0
TXN000955,ORD00673,P009,1,0.0,1200.0
TXN000956,ORD00674,P007,1,0.02,1764.0
TXN000957,ORD00675,P009,1,0.08,1104.0
TXN000958,ORD00675,P005,1,0.02,11760.0
TXN000959,ORD00676,P004,4,0.15,61200.0
TXN000960,ORD00676,P008,1,0.1,1980.0
TXN000961,ORD00677,P006,2,0.1,27000.0
TXN000962,ORD00678,P007,1,0.02,1764.0
TXN000963,ORD00679,P012,1,0.0,4500.0
TXN000964,ORD00680,P012,2,0.1,8100.0
TXN000965,ORD00681,P011,1,0.0,22000.0
TXN000966,ORD00682,P010,2,0.0,28000.0
TXN000967,ORD00682,P006,3,0.0,45000.0
TXN000968,ORD00683,P010,2,0.15,23800.0
TXN000969,ORD00684,P008,2,0.05,4180.0
TXN000970,ORD00685,P011,1,0.0,22000.0
TXN000971,ORD00686,P006,3,0.08,41400.0
TXN000972,ORD00686,P012,3,0.0,13500.0
TXN000973,ORD00687,P007,1,0.08,1656.0
TXN000974,ORD00688,P007,1,0.15,1530.0
TXN000975,ORD00689,P002,2,0.15,47600.0
TXN000976,ORD00690,P007,2,0.08,3312.0
TXN000977,ORD00691,P007,3,0.15,4590.0
TXN000978,ORD00692,P008,1,0.05,2090.0
TXN000979,ORD00693,P001,1,0.15,55250.0
TXN000980,ORD00693,P011,3,0.05,62700.0
TXN000981,ORD00694,P001,1,0.1,58500.0
TXN000982,ORD00695,P005,1,0.15,10200.0
TXN000983,ORD00695,P002,1,0.08,25760.0
TXN000984,ORD00696,P009,3,0.05,3420.0
TXN000985,ORD00697,P012,1,0.0,4500.0
TXN000986,ORD00698,P008,2,0.08,4048.0
TXN000987,ORD00699,P001,1,0.15,55250.0
TXN000988,ORD00699,P006,1,0.15,12750.0
TXN000989,ORD00699,P008,3,0.15,5610.0
TXN000990,ORD00700,P001,1,0.1,58500.0
TXN000991,ORD00700,P011,3,0.1,59400.0
TXN000992,ORD00701,P002,1,0.02,27440.0
TXN000993,ORD00702,P007,1,0.05,1710.0
TXN000994,ORD00702,P012,1,0.05,4275.0
TXN000995,ORD00703,P009,2,0.08,2208.0
TXN000996,ORD00704,P004,1,0.08,16560.0
TXN000997,ORD00705,P012,2,0.1,8100.0
TXN000998,ORD00705,P005,1,0.15,10200.0
TXN000999,ORD00705,P009,1,0.05,1140.0
TXN001000,ORD00706,P006,2,0.1,27000.0
TXN001001,ORD00706,P010,1,0.0,14000.0
TXN001002,ORD00706,P008,5,0.08,10120.0
TXN001003,ORD00707,P010,2,0.15,23800.0
TXN001004,ORD00708,P001,1,0.1,58500.0
TXN001005,ORD00709,P009,3,0.1,3240.0
TXN001006,ORD00709,P001,1,0.15,55250.0
TXN001007,ORD00710,P007,2,0.15,3060.0
TXN001008,ORD00711,P002,2,0.08,51520.0
TXN001009,ORD00712,P011,2,0.0,44000.0
TXN001010,ORD00713,P002,2,0.02,54880.0
TXN001011,ORD00713,P008,1,0.08,2024.0
TXN001012,ORD00713,P007,2,0.15,3060.0
TXN001013,ORD00714,P011,1,0.0,22000.0
TXN001014,ORD00715,P010,1,0.0,14000.0
TXN001015,ORD00716,P012,1,0.05,4275.0
TXN001016,ORD00717,P006,2,0.0,30000.0
TXN001017,ORD00717,P010,5,0.08,64400.0
TXN001018,ORD00718,P005,1,0.08,11040.0
TXN001019,ORD00719,P009,2,0.08,2208.0
TXN001020,ORD00720,P003,1,0.15,2975.0
TXN001021,ORD00720,P012,1,0.05,4275.0
TXN001022,ORD00721,P006,1,0.15,12750.0
TXN001023,ORD00722,P004,3,0.05,51300.0
TXN001024,ORD00722,P011,1,0.15,18700.0
TXN001025,ORD00723,P003,4,0.02,13720.0
TXN001026,ORD00724,P005,4,0.1,43200.0
TXN001027,ORD00725,P003,1,0.08,3220.0
TXN001028,ORD00726,P009,1,0.08,1104.0
TXN001029,ORD00726,P003,1,0.15,2975.0
TXN001030,ORD00726,P007,3,0.0,5400.0
TXN001031,ORD00727,P011,2,0.15,37400.0
TXN001032,ORD00727,P007,1,0.02,1764.0
TXN001033,ORD00728,P001,2,0.02,127400.0
TXN001034,ORD00728,P009,1,0.15,1020.0
TXN001035,ORD00729,P005,1,0.0,12000.0
TXN001036,ORD00729,P006,1,0.0,15000.0
TXN001037,ORD00730,P002,3,0.1,75600.0
TXN001038,ORD00730,P005,1,0.08,11040.0
TXN001039,ORD00731,P012,5,0.1,20250.0
TXN001040,ORD00731,P003,1,0.08,3220.0
TXN001041,ORD00731,P007,2,0.05,3420.0
TXN001042,ORD00732,P005,1,0.02,11760.0
TXN001043,ORD00733,P008,1,0.02,2156.0
TXN001044,ORD00733,P011,1,0.08,20240.0
TXN001045,ORD00734,P003,1,0.02,3430.0
TXN001046,ORD00735,P009,3,0.02,3528.0
TXN001047,ORD00736,P010,1,0.15,11900.0
TXN001048,ORD00737,P010,3,0.02,41160.0
TXN001049,ORD00737,P004,2,0.05,34200.0
TXN001050,ORD00738,P005,1,0.1,10800.0
TXN001051,ORD00738,P003,3,0.05,9975.0
TXN001052,ORD00739,P009,2,0.0,2400.0
TXN001053,ORD00739,P002,2,0.0,56000.0
TXN001054,ORD00740,P011,2,0.0,44000.0
TXN001055,ORD00741,P003,1,0.02,3430.0
TXN001056,ORD00742,P009,1,0.05,1140.0
TXN001057,ORD00742,P005,1,0.1,10800.0
TXN001058,ORD00743,P009,2,0.15,2040.0
TXN001059,ORD00743,P010,2,0.1,25200.0
TXN001060,ORD00743,P011,3,0.02,64680.0
TXN001061,ORD00744,P010,1,0.05,13300.0
TXN001062,ORD00745,P008,1,0.15,1870.0
TXN001063,ORD00745,P011,5,0.05,104500.0
TXN001064,ORD00746,P002,1,0.05,26600.0
TXN001065,ORD00746,P005,1,0.15,10200.0
TXN001066,ORD00747,P004,1,0.02,17640.0
TXN001067,ORD00747,P010,1,0.15,11900.0
TXN001068,ORD00748,P007,3,0.05,5130.0
TXN001069,ORD00749,P004,4,0.05,68400.0
TXN001070,ORD00750,P006,1,0.0,15000.0
TXN001071,ORD00750,P012,1,0.0,4500.0
TXN001072,ORD00751,P002,2,0.1,50400.0
TXN001073,ORD00752,P010,2,0.1,25200.0
TXN001074,ORD00753,P001,2,0.15,110500.0
TXN001075,ORD00753,P007,1,0.05,1710.0
TXN001076,ORD00754,P004,2,0.15,30600.0
TXN001077,ORD00755,P003,1,0.08,3220.0
TXN001078,ORD00756,P007,4,0.15,6120.0
TXN001079,ORD00757,P006,1,0.08,13800.0
TXN001080,ORD00757,P012,1,0.1,4050.0
TXN001081,ORD00758,P005,1,0.02,11760.0
TXN001082,ORD00759,P008,2,0.0,4400.0
TXN001083,ORD00760,P008,2,0.0,4400.0
TXN001084,ORD00760,P012,2,0.0,9000.0
TXN001085,ORD00761,P005,2,0.1,21600.0
TXN001086,ORD00761,P010,1,0.0,14000.0
TXN001087,ORD00761,P006,2,0.15,25500.0
TXN001088,ORD00762,P001,1,0.15,55250.0
TXN001089,ORD00763,P012,1,0.15,3825.0
TXN001090,ORD00763,P004,1,0.05,17100.0
TXN001091,ORD00764,P004,2,0.1,32400.0
TXN001092,ORD00765,P005,2,0.05,22800.0
TXN001093,ORD00766,P010,4,0.1,50400.0
TXN001094,ORD00767,P006,1,0.15,12750.0
TXN001095,ORD00768,P011,1,0.08,20240.0
TXN001096,ORD00768,P010,4,0.08,51520.0
TXN001097,ORD00769,P009,3,0.1,3240.0
TXN001098,ORD00770,P004,2,0.1,32400.0
TXN001099,ORD00771,P005,1,0.02,11760.0
TXN001100,ORD00772,P012,2,0.02,8820.0
TXN001101,ORD00773,P011,4,0.08,80960.0
TXN001102,ORD00774,P004,4,0.1,64800.0
TXN001103,ORD00775,P011,2,0.05,41800.0
TXN001104,ORD00775,P010,1,0.1,12600.0
TXN001105,ORD00776,P007,2,0.15,3060.0
TXN001106,ORD00777,P010,2,0.05,26600.0
TXN001107,ORD00777,P004,1,0.1,16200.0
TXN001108,ORD00778,P003,2,0.15,5950.0
TXN001109,ORD00779,P010,3,0.0,42000.0
TXN001110,ORD00780,P007,3,0.15,4590.0
TXN001111,ORD00781,P005,2,0.1,21600.0
TXN001112,ORD00782,P006,1,0.08,13800.0
TXN001113,ORD00782,P008,2,0.0,4400.0
TXN001114,ORD00783,P009,4,0.1,4320.0
TXN001115,ORD00783,P012,2,0.1,8100.0
TXN001116,ORD00784,P004,1,0.15,15300.0
TXN001117,ORD00785,P006,1,0.08,13800.0
TXN001118,ORD00786,P002,2,0.08,51520.0
TXN001119,ORD00787,P011,4,0.08,80960.0
TXN001120,ORD00788,P004,1,0.1,16200.0
TXN001121,ORD00789,P003,1,0.08,3220.0
TXN001122,ORD00790,P011,1,0.08,20240.0
TXN001123,ORD00791,P002,1,0.0,28000.0
TXN001124,ORD00791,P003,2,0.1,6300.0
TXN001125,ORD00791,P012,1,0.02,4410.0
TXN001126,ORD00792,P005,3,0.08,33120.0
TXN001127,ORD00793,P009,2,0.15,2040.0
TXN001128,ORD00794,P008,2,0.15,3740.0
TXN001129,ORD00794,P004,1,0.08,16560.0
TXN001130,ORD00795,P005,1,0.05,11400.0
TXN001131,ORD00795,P008,3,0.1,5940.0
TXN001132,ORD00795,P002,1,0.1,25200.0
TXN001133,ORD00796,P010,2,0.05,26600.0
TXN001134,ORD00796,P001,3,0.02,191100.0
TXN001135,ORD00796,P006,2,0.15,25500.0
TXN001136,ORD00797,P012,1,0.05,4275.0
TXN001137,ORD00797,P009,3,0.0,3600.0
TXN001138,ORD00798,P011,1,0.15,18700.0
TXN001139,ORD00798,P001,1,0.1,58500.0
TXN001140,ORD00799,P006,1,0.02,14700.0
TXN001141,ORD00800,P010,3,0.02,41160.0
TXN001142,ORD00800,P001,2,0.15,110500.0
TXN001143,ORD00801,P002,2,0.08,51520.0
TXN001144,ORD00801,P001,2,0.02,127400.0
TXN001145,ORD00802,P002,1,0.08,25760.0
TXN001146,ORD00803,P010,1,0.05,13300.0
TXN001147,ORD00804,P009,2,0.15,2040.0
TXN001148,ORD00805,P006,1,0.0,15000.0
TXN001149,ORD00806,P006,2,0.02,29400.0
TXN001150,ORD00807,P001,2,0.1,117000.0
TXN001151,ORD00807,P004,2,0.08,33120.0
TXN001152,ORD00808,P008,4,0.05,8360.0
TXN001153,ORD00809,P010,1,0.08,12880.0
TXN001154,ORD00810,P008,1,0.1,1980.0
TXN001155,ORD00811,P011,2,0.15,37400.0
TXN001156,ORD00812,P002,1,0.1,25200.0
TXN001157,ORD00813,P009,1,0.1,1080.0
TXN001158,ORD00813,P007,2,0.0,3600.0
TXN001159,ORD00814,P011,2,0.15,37400.0
TXN001160,ORD00815,P011,2,0.02,43120.0
TXN001161,ORD00816,P003,2,0.05,6650.0
TXN001162,ORD00817,P010,1,0.0,14000.0
TXN001163,ORD00818,P007,2,0.1,3240.0
TXN001164,ORD00819,P007,1,0.0,1800.0
TXN001165,ORD00820,P004,3,0.1,48600.0
TXN001166,ORD00820,P010,2,0.05,26600.0
TXN001167,ORD00821,P006,2,0.02,29400.0
TXN001168,ORD00821,P001,5,0.05,308750.0
TXN001169,ORD00822,P005,2,0.05,22800.0
TXN001170,ORD00823,P001,1,0.08,59800.0
TXN001171,ORD00824,P003,4,0.05,13300.0
TXN001172,ORD00825,P006,1,0.1,13500.0
TXN001173,ORD00826,P012,1,0.1,4050.0
TXN001174,ORD00826,P001,3,0.0,195000.0
TXN001175,ORD00827,P006,3,0.15,38250.0
TXN001176,ORD00828,P009,1,0.0,1200.0
TXN001177,ORD00829,P005,1,0.02,11760.0
TXN001178,ORD00830,P007,1,0.1,1620.0
TXN001179,ORD00831,P012,2,0.02,8820.0
TXN001180,ORD00832,P012,1,0.1,4050.0
TXN001181,ORD00832,P001,1,0.15,55250.0
TXN001182,ORD00833,P007,5,0.0,9000.0
TXN001183,ORD00834,P001,1,0.08,59800.0
TXN001184,ORD00835,P011,3,0.0,66000.0
TXN001185,ORD00836,P012,1,0.0,4500.0
TXN001186,ORD00837,P004,2,0.1,32400.0
TXN001187,ORD00837,P007,2,0.0,3600.0
TXN001188,ORD00837,P006,2,0.0,30000.0
TXN001189,ORD00838,P012,2,0.15,7650.0
TXN001190,ORD00838,P001,1,0.08,59800.0
TXN001191,ORD00839,P011,1,0.1,19800.0
TXN001192,ORD00839,P005,1,0.08,11040.0
TXN001193,ORD00840,P007,1,0.08,1656.0
TXN001194,ORD00840,P009,1,0.1,1080.0
TXN001195,ORD00841,P008,1,0.02,2156.0
TXN001196,ORD00842,P005,3,0.08,33120.0
TXN001197,ORD00843,P002,1,0.02,27440.0
TXN001198,ORD00843,P007,2,0.0,3600.0
TXN001199,ORD00844,P011,1,0.02,21560.0
TXN001200,ORD00845,P001,3,0.02,191100.0
TXN001201,ORD00845,P005,2,0.05,22800.0
TXN001202,ORD00846,P002,2,0.02,54880.0
TXN001203,ORD00847,P004,2,0.08,33120.0
TXN001204,ORD00848,P005,1,0.1,10800.0
TXN001205,ORD00848,P007,1,0.08,1656.0
TXN001206,ORD00848,P003,2,0.15,5950.0
TXN001207,ORD00849,P010,1,0.0,14000.0
TXN001208,ORD00850,P009,4,0.1,4320.0
TXN001209,ORD00851,P011,4,0.02,86240.0
TXN001210,ORD00851,P004,1,0.08,16560.0
TXN001211,ORD00852,P007,2,0.05,3420.0
TXN001212,ORD00853,P011,1,0.08,20240.0
TXN001213,ORD00853,P012,1,0.0,4500.0
TXN001214,ORD00854,P003,2,0.0,7000.0
TXN001215,ORD00854,P007,2,0.02,3528.0
TXN001216,ORD00855,P010,2,0.0,28000.0
TXN001217,ORD00855,P007,1,0.15,1530.0
TXN001218,ORD00855,P004,1,0.0,18000.0
TXN001219,ORD00856,P004,2,0.02,35280.0
TXN001220,ORD00856,P002,1,0.02,27440.0
TXN001221,ORD00857,P012,2,0.08,8280.0
TXN001222,ORD00858,P005,1,0.15,10200.0
TXN001223,ORD00858,P004,3,0.0,54000.0
TXN001224,ORD00858,P011,3,0.02,64680.0
TXN001225,ORD00859,P006,1,0.1,13500.0
TXN001226,ORD00860,P003,1,0.05,3325.0
TXN001227,ORD00860,P001,1,0.15,55250.0
TXN001228,ORD00860,P006,1,0.0,15000.0
TXN001229,ORD00861,P005,2,0.15,20400.0
TXN001230,ORD00862,P005,1,0.15,10200.0
TXN001231,ORD00863,P005,3,0.1,32400.0
TXN001232,ORD00863,P004,1,0.02,17640.0
TXN001233,ORD00864,P011,2,0.02,43120.0
TXN001234,ORD00864,P003,1,0.1,3150.0
TXN001235,ORD00865,P004,1,0.02,17640.0
TXN001236,ORD00865,P010,2,0.15,23800.0
TXN001237,ORD00866,P006,2,0.08,27600.0
TXN001238,ORD00867,P001,1,0.02,63700.0
TXN001239,ORD00868,P004,1,0.0,18000.0
TXN001240,ORD00868,P001,1,0.02,63700.0
TXN001241,ORD00869,P001,2,0.0,130000.0
TXN001242,ORD00869,P012,2,0.08,8280.0
TXN001243,ORD00870,P012,1,0.08,4140.0
TXN001244,ORD00870,P003,1,0.05,3325.0
TXN001245,ORD00871,P007,1,0.08,1656.0
TXN001246,ORD00872,P006,2,0.05,28500.0
TXN001247,ORD00873,P009,3,0.05,3420.0
TXN001248,ORD00874,P009,3,0.02,3528.0
TXN001249,ORD00875,P006,5,0.08,69000.0
TXN001250,ORD00875,P007,2,0.02,3528.0
TXN001251,ORD00876,P008,2,0.0,4400.0
TXN001252,ORD00876,P006,1,0.1,13500.0
TXN001253,ORD00877,P005,1,0.02,11760.0
TXN001254,ORD00878,P011,2,0.15,37400.0
TXN001255,ORD00879,P003,3,0.02,10290.0
TXN001256,ORD00880,P012,4,0.15,15300.0
TXN001257,ORD00881,P005,1,0.05,11400.0
TXN001258,ORD00881,P011,3,0.0,66000.0
TXN001259,ORD00882,P001,1,0.08,59800.0
TXN001260,ORD00883,P002,1,0.05,26600.0
TXN001261,ORD00884,P011,2,0.05,41800.0
TXN001262,ORD00884,P006,1,0.08,13800.0
TXN001263,ORD00885,P004,2,0.05,34200.0
TXN001264,ORD00885,P008,1,0.1,1980.0
TXN001265,ORD00886,P011,2,0.05,41800.0
TXN001266,ORD00887,P011,1,0.15,18700.0
TXN001267,ORD00888,P010,2,0.0,28000.0
TXN001268,ORD00888,P011,1,0.0,22000.0
TXN001269,ORD00888,P001,3,0.02,191100.0
TXN001270,ORD00889,P009,1,0.0,1200.0
TXN001271,ORD00889,P007,1,0.0,1800.0
TXN001272,ORD00890,P009,1,0.15,1020.0
TXN001273,ORD00891,P011,1,0.02,21560.0
TXN001274,ORD00892,P008,1,0.08,2024.0
TXN001275,ORD00893,P012,1,0.1,4050.0
TXN001276,ORD00893,P006,3,0.1,40500.0
TXN001277,ORD00894,P004,2,0.0,36000.0
TXN001278,ORD00895,P001,2,0.08,119600.0
TXN001279,ORD00895,P011,3,0.05,62700.0
TXN001280,ORD00896,P003,2,0.05,6650.0
TXN001281,ORD00897,P006,1,0.15,12750.0
TXN001282,ORD00897,P001,1,0.05,61750.0
TXN001283,ORD00898,P006,3,0.05,42750.0
TXN001284,ORD00899,P009,3,0.08,3312.0
TXN001285,ORD00900,P007,1,0.0,1800.0
TXN001286,ORD00901,P007,1,0.1,1620.0
TXN001287,ORD00902,P011,1,0.1,19800.0
TXN001288,ORD00903,P011,2,0.02,43120.0
TXN001289,ORD00904,P012,2,0.15,7650.0
TXN001290,ORD00905,P007,4,0.02,7056.0
TXN001291,ORD00905,P005,5,0.0,60000.0
TXN001292,ORD00905,P012,2,0.05,8550.0
TXN001293,ORD00906,P003,1,0.0,3500.0
TXN001294,ORD00907,P002,1,0.05,26600.0
TXN001295,ORD00908,P012,2,0.08,8280.0
TXN001296,ORD00909,P001,3,0.0,195000.0
TXN001297,ORD00910,P002,1,0.08,25760.0
TXN001298,ORD00910,P009,2,0.1,2160.0
TXN001299,ORD00911,P005,1,0.0,12000.0
TXN001300,ORD00912,P003,2,0.02,6860.0
TXN001301,ORD00913,P003,2,0.08,6440.0
TXN001302,ORD00914,P011,2,0.05,41800.0
TXN001303,ORD00914,P003,4,0.05,13300.0
TXN001304,ORD00914,P010,2,0.15,23800.0
TXN001305,ORD00915,P001,1,0.08,59800.0
TXN001306,ORD00916,P003,3,0.1,9450.0
TXN001307,ORD00917,P012,1,0.02,4410.0
TXN001308,ORD00918,P004,1,0.1,16200.0
TXN001309,ORD00919,P012,2,0.0,9000.0
TXN001310,ORD00920,P012,1,0.0,4500.0
TXN001311,ORD00920,P007,2,0.08,3312.0
TXN001312,ORD00921,P006,1,0.05,14250.0
TXN001313,ORD00922,P002,3,0.0,84000.0
TXN001314,ORD00923,P008,3,0.02,6468.0
TXN001315,ORD00924,P011,2,0.0,44000.0
TXN001316,ORD00925,P001,2,0.08,119600.0
TXN001317,ORD00925,P008,2,0.1,3960.0
TXN001318,ORD00925,P005,1,0.1,10800.0
TXN001319,ORD00926,P002,4,0.05,106400.0
TXN001320,ORD00926,P007,1,0.08,1656.0
TXN001321,ORD00927,P005,3,0.15,30600.0
TXN001322,ORD00928,P001,1,0.15,55250.0
TXN001323,ORD00929,P006,1,0.05,14250.0
TXN001324,ORD00929,P005,1,0.08,11040.0
TXN001325,ORD00930,P006,1,0.1,13500.0
TXN001326,ORD00930,P010,1,0.02,13720.0
TXN001327,ORD00931,P001,4,0.0,260000.0
TXN001328,ORD00931,P009,1,0.08,1104.0
TXN001329,ORD00932,P003,3,0.08,9660.0
TXN001330,ORD00932,P007,2,0.05,3420.0
TXN001331,ORD00933,P002,1,0.02,27440.0
TXN001332,ORD00934,P004,1,0.0,18000.0
TXN001333,ORD00935,P005,2,0.08,22080.0
TXN001334,ORD00935,P004,4,0.08,66240.0
TXN001335,ORD00936,P011,3,0.02,64680.0
TXN001336,ORD00937,P001,4,0.1,234000.0
TXN001337,ORD00937,P006,1,0.1,13500.0
TXN001338,ORD00938,P003,1,0.15,2975.0
TXN001339,ORD00938,P007,1,0.02,1764.0
TXN001340,ORD00939,P008,1,0.15,1870.0
TXN001341,ORD00940,P001,1,0.08,59800.0
TXN001342,ORD00941,P012,1,0.05,4275.0
TXN001343,ORD00942,P002,3,0.0,84000.0
TXN001344,ORD00943,P006,1,0.08,13800.0
TXN001345,ORD00944,P012,2,0.0,9000.0
TXN001346,ORD00945,P008,2,0.1,3960.0
TXN001347,ORD00945,P010,1,0.02,13720.0
TXN001348,ORD00946,P003,1,0.0,3500.0
TXN001349,ORD00946,P004,2,0.0,36000.0
TXN001350,ORD00947,P004,2,0.15,30600.0
TXN001351,ORD00948,P005,1,0.15,10200.0
TXN001352,ORD00949,P008,4,0.02,8624.0
TXN001353,ORD00950,P004,2,0.05,34200.0
TXN001354,ORD00951,P012,1,0.08,4140.0
TXN001355,ORD00951,P002,3,0.08,77280.0
TXN001356,ORD00952,P009,4,0.08,4416.0
TXN001357,ORD00953,P004,3,0.15,45900.0
TXN001358,ORD00953,P006,2,0.08,27600.0
TXN001359,ORD00954,P008,2,0.0,4400.0
TXN001360,ORD00954,P012,3,0.05,12825.0
TXN001361,ORD00954,P003,3,0.15,8925.0
TXN001362,ORD00955,P012,2,0.15,7650.0
TXN001363,ORD00956,P005,4,0.05,45600.0
TXN001364,ORD00957,P008,1,0.1,1980.0
TXN001365,ORD00958,P003,1,0.1,3150.0
TXN001366,ORD00959,P003,1,0.08,3220.0
TXN001367,ORD00959,P008,1,0.05,2090.0
TXN001368,ORD00960,P006,1,0.0,15000.0
TXN001369,ORD00961,P010,2,0.1,25200.0
TXN001370,ORD00962,P010,1,0.08,12880.0
TXN001371,ORD00963,P004,4,0.15,61200.0
TXN001372,ORD00963,P012,1,0.08,4140.0
TXN001373,ORD00964,P005,1,0.15,10200.0
TXN001374,ORD00965,P012,2,0.08,8280.0
TXN001375,ORD00965,P005,1,0.15,10200.0
TXN001376,ORD00966,P003,2,0.15,5950.0
TXN001377,ORD00967,P001,1,0.08,59800.0
TXN001378,ORD00967,P008,1,0.08,2024.0
TXN001379,ORD00968,P002,1,0.08,25760.0
TXN001380,ORD00969,P003,1,0.1,3150.0
TXN001381,ORD00970,P008,1,0.1,1980.0
TXN001382,ORD00971,P004,4,0.08,66240.0
TXN001383,ORD00971,P011,1,0.02,21560.0
TXN001384,ORD00972,P009,2,0.05,2280.0
TXN001385,ORD00972,P008,2,0.08,4048.0
TXN001386,ORD00972,P005,1,0.02,11760.0
TXN001387,ORD00973,P012,2,0.15,7650.0
TXN001388,ORD00973,P008,2,0.15,3740.0
TXN001389,ORD00974,P009,2,0.15,2040.0
TXN001390,ORD00974,P001,1,0.05,61750.0
TXN001391,ORD00974,P008,1,0.08,2024.0
TXN001392,ORD00975,P005,1,0.0,12000.0
TXN001393,ORD00976,P011,2,0.15,37400.0
TXN001394,ORD00977,P007,1,0.08,1656.0
TXN001395,ORD00978,P012,1,0.15,3825.0
TXN001396,ORD00979,P005,1,0.02,11760.0
TXN001397,ORD00980,P007,1,0.08,1656.0
TXN001398,ORD00981,P004,2,0.08,33120.0
TXN001399,ORD00981,P001,1,0.15,55250.0
TXN001400,ORD00982,P006,3,0.05,42750.0
TXN001401,ORD00983,P005,2,0.15,20400.0
TXN001402,ORD00984,P004,1,0.08,16560.0
TXN001403,ORD00985,P006,1,0.1,13500.0
TXN001404,ORD00985,P001,2,0.15,110500.0
TXN001405,ORD00986,P006,3,0.05,42750.0
TXN001406,ORD00987,P011,3,0.15,56100.0
TXN001407,ORD00988,P002,2,0.1,50400.0
TXN001408,ORD00989,P010,1,0.15,11900.0
TXN001409,ORD00989,P012,1,0.0,4500.0
TXN001410,ORD00990,P004,2,0.05,34200.0
TXN001411,ORD00990,P003,1,0.15,2975.0
TXN001412,ORD00991,P011,1,0.1,19800.0
TXN001413,ORD00992,P011,2,0.15,37400.0
TXN001414,ORD00993,P010,2,0.05,26600.0
TXN001415,ORD00994,P006,1,0.02,14700.0
TXN001416,ORD00995,P006,1,0.02,14700.0
TXN001417,ORD00996,P010,2,0.1,25200.0
TXN001418,ORD00996,P005,3,0.02,35280.0
TXN001419,ORD00997,P011,2,0.08,40480.0
TXN001420,ORD00998,P011,4,0.15,74800.0
TXN001421,ORD00999,P001,2,0.0,130000.0
TXN001422,ORD01000,P012,2,0.02,8820.0
TXN001423,ORD01001,P003,2,0.05,6650.0
TXN001424,ORD01002,P010,2,0.0,28000.0
TXN001425,ORD01002,P006,2,0.02,29400.0
TXN001426,ORD01003,P009,1,0.0,1200.0
TXN001427,ORD01004,P011,1,0.1,19800.0
TXN001428,ORD01005,P006,1,0.08,13800.0
TXN001429,ORD01005,P001,4,0.02,254800.0
TXN001430,ORD01005,P004,1,0.15,15300.0
TXN001431,ORD01006,P006,2,0.1,27000.0
TXN001432,ORD01007,P001,1,0.02,63700.0
TXN001433,ORD01007,P006,2,0.05,28500.0
TXN001434,ORD01008,P006,1,0.0,15000.0
TXN001435,ORD01009,P005,1,0.15,10200.0
TXN001436,ORD01010,P003,2,0.05,6650.0
TXN001437,ORD01010,P008,1,0.02,2156.0
TXN001438,ORD01011,P012,1,0.1,4050.0
TXN001439,ORD01012,P002,3,0.08,77280.0
TXN001440,ORD01013,P010,2,0.05,26600.0
TXN001441,ORD01014,P006,1,0.0,15000.0
TXN001442,ORD01014,P010,1,0.0,14000.0
TXN001443,ORD01015,P008,3,0.1,5940.0
TXN001444,ORD01016,P007,1,0.05,1710.0
TXN001445,ORD01017,P006,2,0.02,29400.0
TXN001446,ORD01018,P007,1,0.02,1764.0
TXN001447,ORD01019,P002,3,0.0,84000.0
TXN001448,ORD01020,P009,3,0.02,3528.0
TXN001449,ORD01021,P012,1,0.02,4410.0
TXN001450,ORD01021,P011,2,0.02,43120.0
TXN001451,ORD01021,P006,2,0.05,28500.0
TXN001452,ORD01022,P005,3,0.1,32400.0
TXN001453,ORD01023,P006,1,0.08,13800.0
TXN001454,ORD01023,P008,2,0.1,3960.0
TXN001455,ORD01023,P002,3,0.08,77280.0
TXN001456,ORD01024,P001,1,0.02,63700.0
TXN001457,ORD01024,P010,2,0.0,28000.0
TXN001458,ORD01024,P011,1,0.1,19800.0
TXN001459,ORD01025,P003,1,0.1,3150.0
TXN001460,ORD01025,P012,2,0.08,8280.0
TXN001461,ORD01026,P008,2,0.1,3960.0
TXN001462,ORD01027,P004,1,0.05,17100.0
TXN001463,ORD01028,P002,1,0.1,25200.0
TXN001464,ORD01028,P012,1,0.0,4500.0
TXN001465,ORD01029,P011,1,0.05,20900.0
TXN001466,ORD01030,P011,1,0.08,20240.0
TXN001467,ORD01031,P010,1,0.05,13300.0
TXN001468,ORD01031,P008,3,0.15,5610.0
TXN001469,ORD01032,P012,1,0.0,4500.0
TXN001470,ORD01033,P011,2,0.1,39600.0
TXN001471,ORD01033,P010,1,0.0,14000.0
TXN001472,ORD01034,P012,1,0.02,4410.0
TXN001473,ORD01035,P011,2,0.15,37400.0
TXN001474,ORD01035,P012,1,0.05,4275.0
TXN001475,ORD01036,P003,1,0.05,3325.0
TXN001476,ORD01036,P011,5,0.1,99000.0
TXN001477,ORD01037,P012,2,0.0,9000.0
TXN001478,ORD01037,P001,5,0.0,325000.0
TXN001479,ORD01038,P001,2,0.15,110500.0
TXN001480,ORD01038,P006,1,0.05,14250.0
TXN001481,ORD01039,P008,1,0.08,2024.0
TXN001482,ORD01039,P002,5,0.08,128800.0
TXN001483,ORD01040,P008,2,0.0,4400.0
TXN001484,ORD01041,P008,1,0.1,1980.0
TXN001485,ORD01041,P010,1,0.15,11900.0
TXN001486,ORD01042,P008,1,0.0,2200.0
TXN001487,ORD01043,P005,1,0.02,11760.0
TXN001488,ORD01044,P011,1,0.02,21560.0
TXN001489,ORD01045,P009,1,0.1,1080.0
TXN001490,ORD01046,P010,2,0.0,28000.0
TXN001491,ORD01046,P011,1,0.02,21560.0
TXN001492,ORD01046,P005,4,0.08,44160.0
TXN001493,ORD01047,P003,2,0.02,6860.0
TXN001494,ORD01048,P002,1,0.1,25200.0
TXN001495,ORD01048,P008,3,0.15,5610.0
TXN001496,ORD01049,P004,2,0.0,36000.0
TXN001497,ORD01050,P011,1,0.1,19800.0
TXN001498,ORD01050,P002,1,0.0,28000.0
TXN001499,ORD01050,P012,5,0.02,22050.0
TXN001500,ORD01051,P009,4,0.1,4320.0
TXN001501,ORD01051,P002,3,0.1,75600.0
TXN001502,ORD01051,P001,2,0.02,127400.0
TXN001503,ORD01052,P009,2,0.05,2280.0
TXN001504,ORD01052,P010,2,0.15,23800.0
TXN001505,ORD01053,P008,5,0.0,11000.0
TXN001506,ORD01054,P008,5,0.15,9350.0
TXN001507,ORD01055,P004,3,0.0,54000.0
TXN001508,ORD01056,P002,2,0.08,51520.0
TXN001509,ORD01057,P004,3,0.05,51300.0
TXN001510,ORD01057,P012,1,0.1,4050.0
TXN001511,ORD01058,P011,1,0.0,22000.0
TXN001512,ORD01058,P010,1,0.02,13720.0
TXN001513,ORD01059,P010,2,0.08,25760.0
TXN001514,ORD01060,P003,1,0.02,3430.0
TXN001515,ORD01061,P001,1,0.15,55250.0
TXN001516,ORD01061,P011,1,0.1,19800.0
TXN001517,ORD01061,P007,2,0.02,3528.0
TXN001518,ORD01062,P001,1,0.05,61750.0
TXN001519,ORD01063,P009,1,0.08,1104.0
TXN001520,ORD01064,P010,1,0.02,13720.0
TXN001521,ORD01064,P004,2,0.02,35280.0
TXN001522,ORD01065,P008,3,0.1,5940.0
TXN001523,ORD01066,P004,1,0.1,16200.0
TXN001524,ORD01067,P010,2,0.05,26600.0
TXN001525,ORD01068,P009,1,0.05,1140.0
TXN001526,ORD01068,P006,2,0.05,28500.0
TXN001527,ORD01069,P001,1,0.08,59800.0
TXN001528,ORD01070,P011,2,0.1,39600.0
TXN001529,ORD01070,P003,1,0.0,3500.0
TXN001530,ORD01070,P012,2,0.1,8100.0
TXN001531,ORD01071,P012,1,0.02,4410.0
TXN001532,ORD01072,P003,3,0.15,8925.0
TXN001533,ORD01073,P009,1,0.02,1176.0
TXN001534,ORD01074,P003,1,0.05,3325.0
TXN001535,ORD01075,P007,1,0.05,1710.0
TXN001536,ORD01076,P007,2,0.1,3240.0
TXN001537,ORD01077,P008,1,0.0,2200.0
TXN001538,ORD01078,P005,3,0.08,33120.0
TXN001539,ORD01079,P008,1,0.02,2156.0
TXN001540,ORD01079,P004,4,0.02,70560.0
TXN001541,ORD01080,P009,1,0.0,1200.0
TXN001542,ORD01081,P010,2,0.05,26600.0
TXN001543,ORD01082,P004,4,0.08,66240.0
TXN001544,ORD01082,P003,1,0.0,3500.0
TXN001545,ORD01083,P010,4,0.1,50400.0
TXN001546,ORD01083,P002,3,0.08,77280.0
TXN001547,ORD01084,P009,1,0.15,1020.0
TXN001548,ORD01085,P008,3,0.0,6600.0
TXN001549,ORD01086,P009,4,0.08,4416.0
TXN001550,ORD01087,P010,1,0.1,12600.0
TXN001551,ORD01088,P005,2,0.0,24000.0
TXN001552,ORD01089,P008,1,0.02,2156.0
TXN001553,ORD01090,P003,3,0.08,9660.0
TXN001554,ORD01091,P004,2,0.02,35280.0
TXN001555,ORD01092,P007,4,0.0,7200.0
TXN001556,ORD01093,P009,2,0.15,2040.0
TXN001557,ORD01093,P010,3,0.02,41160.0
TXN001558,ORD01094,P005,1,0.05,11400.0
TXN001559,ORD01095,P007,2,0.15,3060.0
TXN001560,ORD01096,P011,2,0.15,37400.0
TXN001561,ORD01097,P007,1,0.0,1800.0
TXN001562,ORD01097,P012,3,0.02,13230.0
TXN001563,ORD01097,P001,4,0.0,260000.0
TXN001564,ORD01098,P005,1,0.0,12000.0
TXN001565,ORD01098,P008,2,0.02,4312.0
TXN001566,ORD01098,P002,2,0.08,51520.0
TXN001567,ORD01099,P011,1,0.15,18700.0
TXN001568,ORD01100,P006,2,0.0,30000.0
TXN001569,ORD01100,P008,3,0.02,6468.0
TXN001570,ORD01101,P012,1,0.05,4275.0
TXN001571,ORD01102,P010,3,0.08,38640.0
TXN001572,ORD01103,P007,4,0.15,6120.0
TXN001573,ORD01103,P010,1,0.15,11900.0
TXN001574,ORD01104,P003,2,0.08,6440.0
TXN001575,ORD01105,P006,2,0.15,25500.0
TXN001576,ORD01105,P009,3,0.0,3600.0
TXN001577,ORD01106,P012,2,0.08,8280.0
TXN001578,ORD01107,P005,1,0.1,10800.0
TXN001579,ORD01108,P002,2,0.0,56000.0
TXN001580,ORD01108,P003,1,0.0,3500.0
TXN001581,ORD01108,P011,1,0.08,20240.0
TXN001582,ORD01109,P006,2,0.15,25500.0
TXN001583,ORD01110,P005,1,0.05,11400.0
TXN001584,ORD01111,P011,1,0.15,18700.0
TXN001585,ORD01112,P004,1,0.15,15300.0
TXN001586,ORD01113,P001,2,0.08,119600.0
TXN001587,ORD01114,P002,1,0.1,25200.0
TXN001588,ORD01115,P005,2,0.02,23520.0
TXN001589,ORD01116,P006,1,0.05,14250.0
TXN001590,ORD01117,P005,3,0.15,30600.0
TXN001591,ORD01118,P011,1,0.0,22000.0
TXN001592,ORD01119,P007,3,0.1,4860.0
TXN001593,ORD01120,P012,1,0.05,4275.0
TXN001594,ORD01121,P010,1,0.15,11900.0
TXN001595,ORD01121,P004,2,0.05,34200.0
TXN001596,ORD01122,P004,1,0.1,16200.0
TXN001597,ORD01123,P007,1,0.15,1530.0
TXN001598,ORD01123,P005,3,0.1,32400.0
TXN001599,ORD01124,P007,1,0.08,1656.0
TXN001600,ORD01124,P004,1,0.15,15300.0
TXN001601,ORD01125,P002,3,0.02,82320.0
TXN001602,ORD01125,P011,1,0.0,22000.0
TXN001603,ORD01126,P007,3,0.0,5400.0
TXN001604,ORD01126,P010,2,0.1,25200.0
TXN001605,ORD01126,P009,1,0.08,1104.0
TXN001606,ORD01127,P004,3,0.0,54000.0
TXN001607,ORD01128,P011,1,0.02,21560.0
TXN001608,ORD01129,P001,1,0.0,65000.0
TXN001609,ORD01129,P005,1,0.02,11760.0
TXN001610,ORD01130,P007,1,0.05,1710.0
TXN001611,ORD01131,P007,2,0.05,3420.0
TXN001612,ORD01132,P007,1,0.15,1530.0
TXN001613,ORD01133,P010,2,0.1,25200.0
TXN001614,ORD01134,P010,4,0.1,50400.0
TXN001615,ORD01135,P012,2,0.0,9000.0
TXN001616,ORD01135,P010,2,0.02,27440.0
TXN001617,ORD01136,P010,2,0.02,27440.0
TXN001618,ORD01137,P008,2,0.05,4180.0
TXN001619,ORD01138,P001,1,0.05,61750.0
TXN001620,ORD01138,P004,2,0.0,36000.0
TXN001621,ORD01139,P001,2,0.1,117000.0
TXN001622,ORD01140,P003,1,0.1,3150.0
TXN001623,ORD01141,P005,1,0.05,11400.0
TXN001624,ORD01141,P012,1,0.05,4275.0
TXN001625,ORD01142,P011,2,0.1,39600.0
TXN001626,ORD01142,P008,2,0.08,4048.0
TXN001627,ORD01143,P003,1,0.1,3150.0
TXN001628,ORD01143,P010,1,0.0,14000.0
TXN001629,ORD01144,P008,1,0.08,2024.0
TXN001630,ORD01144,P002,3,0.15,71400.0
TXN001631,ORD01145,P001,1,0.1,58500.0
TXN001632,ORD01145,P005,1,0.05,11400.0
TXN001633,ORD01146,P003,2,0.0,7000.0
TXN001634,ORD01146,P012,1,0.1,4050.0
TXN001635,ORD01147,P010,1,0.05,13300.0
TXN001636,ORD01148,P009,1,0.1,1080.0
TXN001637,ORD01148,P005,2,0.1,21600.0
TXN001638,ORD01149,P010,1,0.15,11900.0
TXN001639,ORD01150,P007,1,0.05,1710.0
TXN001640,ORD01151,P008,4,0.08,8096.0
TXN001641,ORD01152,P003,1,0.1,3150.0
TXN001642,ORD01153,P002,3,0.02,82320.0
TXN001643,ORD01154,P004,2,0.08,33120.0
TXN001644,ORD01155,P007,2,0.05,3420.0
TXN001645,ORD01155,P006,1,0.1,13500.0
TXN001646,ORD01156,P010,3,0.1,37800.0
TXN001647,ORD01156,P011,5,0.0,110000.0
TXN001648,ORD01156,P008,2,0.05,4180.0
TXN001649,ORD01157,P008,1,0.05,2090.0
TXN001650,ORD01157,P005,1,0.1,10800.0
TXN001651,ORD01158,P010,2,0.15,23800.0
TXN001652,ORD01158,P005,2,0.1,21600.0
TXN001653,ORD01159,P002,1,0.0,28000.0
TXN001654,ORD01159,P008,2,0.08,4048.0
TXN001655,ORD01160,P011,1,0.02,21560.0
TXN001656,ORD01161,P003,1,0.05,3325.0
TXN001657,ORD01162,P008,2,0.15,3740.0
TXN001658,ORD01163,P008,1,0.15,1870.0
TXN001659,ORD01164,P001,2,0.08,119600.0
TXN001660,ORD01165,P010,2,0.15,23800.0
TXN001661,ORD01165,P012,2,0.15,7650.0
TXN001662,ORD01166,P011,2,0.02,43120.0
TXN001663,ORD01167,P010,2,0.15,23800.0
TXN001664,ORD01168,P009,1,0.08,1104.0
TXN001665,ORD01169,P012,2,0.1,8100.0
TXN001666,ORD01169,P007,2,0.15,3060.0
TXN001667,ORD01170,P008,1,0.0,2200.0
TXN001668,ORD01171,P009,2,0.0,2400.0
TXN001669,ORD01171,P002,1,0.02,27440.0
TXN001670,ORD01171,P006,2,0.1,27000.0
TXN001671,ORD01172,P006,1,0.05,14250.0
TXN001672,ORD01173,P007,4,0.08,6624.0
TXN001673,ORD01174,P003,3,0.15,8925.0
TXN001674,ORD01175,P006,1,0.1,13500.0
TXN001675,ORD01176,P012,1,0.08,4140.0
TXN001676,ORD01176,P008,1,0.08,2024.0
TXN001677,ORD01177,P008,2,0.08,4048.0
TXN001678,ORD01178,P012,1,0.05,4275.0
TXN001679,ORD01178,P002,3,0.15,71400.0
TXN001680,ORD01178,P001,2,0.05,123500.0
TXN001681,ORD01179,P004,1,0.05,17100.0
TXN001682,ORD01179,P003,2,0.08,6440.0
TXN001683,ORD01180,P009,1,0.02,1176.0
TXN001684,ORD01181,P008,1,0.0,2200.0
TXN001685,ORD01182,P011,5,0.1,99000.0
TXN001686,ORD01182,P003,1,0.02,3430.0
TXN001687,ORD01182,P008,1,0.15,1870.0
TXN001688,ORD01183,P004,1,0.02,17640.0
TXN001689,ORD01183,P006,1,0.05,14250.0
TXN001690,ORD01184,P009,1,0.15,1020.0
TXN001691,ORD01184,P011,2,0.1,39600.0
TXN001692,ORD01185,P001,2,0.15,110500.0
TXN001693,ORD01186,P012,1,0.0,4500.0
TXN001694,ORD01187,P011,1,0.02,21560.0
TXN001695,ORD01188,P003,2,0.08,6440.0
TXN001696,ORD01189,P001,1,0.02,63700.0
TXN001697,ORD01190,P001,1,0.08,59800.0
TXN001698,ORD01191,P001,1,0.05,61750.0
TXN001699,ORD01192,P009,1,0.1,1080.0
TXN001700,ORD01192,P010,1,0.0,14000.0
TXN001701,ORD01193,P003,2,0.0,7000.0
TXN001702,ORD01194,P009,2,0.15,2040.0
TXN001703,ORD01194,P005,2,0.02,23520.0
TXN001704,ORD01195,P001,1,0.05,61750.0
TXN001705,ORD01196,P004,1,0.08,16560.0
TXN001706,ORD01197,P004,1,0.08,16560.0
TXN001707,ORD01198,P008,1,0.1,1980.0
TXN001708,ORD01198,P010,1,0.15,11900.0
TXN001709,ORD01199,P005,5,0.02,58800.0
TXN001710,ORD01200,P010,2,0.08,25760.0
TXN001711,ORD01200,P006,2,0.0,30000.0
TXN001712,ORD01201,P011,1,0.05,20900.0
TXN001713,ORD01201,P001,1,0.0,65000.0
TXN001714,ORD01202,P008,3,0.05,6270.0
TXN001715,ORD01203,P005,5,0.08,55200.0
TXN001716,ORD01204,P003,2,0.15,5950.0
TXN001717,ORD01204,P005,3,0.05,34200.0
TXN001718,ORD01205,P003,5,0.0,17500.0
TXN001719,ORD01206,P003,1,0.05,3325.0
TXN001720,ORD01206,P008,1,0.02,2156.0
TXN001721,ORD01206,P004,3,0.02,52920.0
TXN001722,ORD01207,P007,1,0.0,1800.0
TXN001723,ORD01207,P011,3,0.1,59400.0
TXN001724,ORD01208,P007,2,0.08,3312.0
TXN001725,ORD01209,P009,2,0.05,2280.0
TXN001726,ORD01209,P007,1,0.0,1800.0
TXN001727,ORD01210,P001,1,0.08,59800.0
TXN001728,ORD01211,P010,1,0.02,13720.0
TXN001729,ORD01212,P012,1,0.0,4500.0
TXN001730,ORD01212,P004,4,0.05,68400.0
TXN001731,ORD01212,P003,3,0.1,9450.0
TXN001732,ORD01213,P003,1,0.08,3220.0
TXN001733,ORD01213,P001,1,0.0,65000.0
TXN001734,ORD01214,P001,4,0.1,234000.0
TXN001735,ORD01215,P002,1,0.15,23800.0
TXN001736,ORD01216,P001,1,0.1,58500.0
TXN001737,ORD01216,P005,4,0.05,45600.0
TXN001738,ORD01217,P008,2,0.0,4400.0
TXN001739,ORD01218,P006,3,0.1,40500.0
TXN001740,ORD01219,P011,1,0.1,19800.0
TXN001741,ORD01220,P002,1,0.05,26600.0
TXN001742,ORD01221,P010,1,0.08,12880.0
TXN001743,ORD01221,P001,1,0.15,55250.0
TXN001744,ORD01221,P011,2,0.08,40480.0
TXN001745,ORD01222,P008,1,0.1,1980.0
TXN001746,ORD01223,P011,1,0.02,21560.0
TXN001747,ORD01224,P010,1,0.15,11900.0
TXN001748,ORD01224,P002,3,0.0,84000.0
TXN001749,ORD01225,P001,2,0.0,130000.0
TXN001750,ORD01225,P012,1,0.02,4410.0
TXN001751,ORD01226,P003,1,0.0,3500.0
TXN001752,ORD01227,P011,2,0.02,43120.0
TXN001753,ORD01228,P009,1,0.05,1140.0
TXN001754,ORD01229,P001,5,0.1,292500.0
TXN001755,ORD01230,P004,5,0.05,85500.0
TXN001756,ORD01231,P012,1,0.0,4500.0
TXN001757,ORD01232,P005,2,0.02,23520.0
TXN001758,ORD01233,P009,2,0.15,2040.0
TXN001759,ORD01233,P007,2,0.0,3600.0
TXN001760,ORD01234,P005,1,0.02,11760.0
TXN001761,ORD01234,P001,1,0.05,61750.0
TXN001762,ORD01235,P008,2,0.1,3960.0
TXN001763,ORD01235,P006,1,0.1,13500.0
TXN001764,ORD01236,P006,2,0.1,27000.0
TXN001765,ORD01236,P008,3,0.15,5610.0
TXN001766,ORD01237,P004,2,0.15,30600.0
TXN001767,ORD01237,P011,1,0.1,19800.0
TXN001768,ORD01238,P002,1,0.08,25760.0
TXN001769,ORD01239,P007,2,0.0,3600.0
TXN001770,ORD01239,P010,2,0.02,27440.0
TXN001771,ORD01239,P012,1,0.05,4275.0
TXN001772,ORD01240,P001,3,0.05,185250.0
TXN001773,ORD01241,P006,2,0.15,25500.0
TXN001774,ORD01242,P006,1,0.15,12750.0
TXN001775,ORD01242,P004,1,0.08,16560.0
TXN001776,ORD01243,P007,1,0.08,1656.0
TXN001777,ORD01243,P001,3,0.15,165750.0
TXN001778,ORD01244,P005,1,0.02,11760.0
TXN001779,ORD01245,P009,1,0.08,1104.0
TXN001780,ORD01246,P008,1,0.08,2024.0
TXN001781,ORD01246,P005,2,0.15,20400.0
TXN001782,ORD01247,P011,2,0.0,44000.0
TXN001783,ORD01248,P011,3,0.05,62700.0
TXN001784,ORD01249,P009,1,0.15,1020.0
TXN001785,ORD01249,P001,1,0.02,63700.0
TXN001786,ORD01250,P007,2,0.15,3060.0
TXN001787,ORD01251,P005,3,0.05,34200.0
TXN001788,ORD01252,P004,1,0.05,17100.0
TXN001789,ORD01253,P011,2,0.08,40480.0
TXN001790,ORD01253,P001,1,0.05,61750.0
TXN001791,ORD01253,P007,3,0.0,5400.0
TXN001792,ORD01254,P010,1,0.02,13720.0
TXN001793,ORD01255,P002,1,0.02,27440.0
TXN001794,ORD01256,P007,1,0.0,1800.0
TXN001795,ORD01256,P012,2,0.02,8820.0
TXN001796,ORD01257,P009,1,0.0,1200.0
TXN001797,ORD01258,P009,2,0.0,2400.0
TXN001798,ORD01259,P010,2,0.15,23800.0
TXN001799,ORD01260,P010,2,0.08,25760.0
TXN001800,ORD01261,P005,1,0.1,10800.0
TXN001801,ORD01262,P004,2,0.08,33120.0
TXN001802,ORD01262,P002,2,0.05,53200.0
TXN001803,ORD01263,P005,1,0.0,12000.0
TXN001804,ORD01264,P010,5,0.1,63000.0
TXN001805,ORD01265,P001,1,0.05,61750.0
TXN001806,ORD01265,P004,4,0.0,72000.0
TXN001807,ORD01266,P007,1,0.1,1620.0
TXN001808,ORD01267,P005,1,0.1,10800.0
TXN001809,ORD01268,P012,2,0.1,8100.0
TXN001810,ORD01269,P005,1,0.02,11760.0
TXN001811,ORD01270,P009,2,0.02,2352.0
TXN001812,ORD01271,P004,1,0.08,16560.0
TXN001813,ORD01271,P005,1,0.08,11040.0
TXN001814,ORD01272,P003,1,0.15,2975.0
TXN001815,ORD01272,P012,1,0.0,4500.0
TXN001816,ORD01273,P011,1,0.08,20240.0
TXN001817,ORD01274,P007,2,0.15,3060.0
TXN001818,ORD01275,P011,3,0.15,56100.0
TXN001819,ORD01275,P003,1,0.0,3500.0
TXN001820,ORD01276,P006,2,0.05,28500.0
TXN001821,ORD01276,P012,2,0.15,7650.0
TXN001822,ORD01277,P002,2,0.0,56000.0
TXN001823,ORD01278,P004,2,0.1,32400.0
TXN001824,ORD01279,P011,1,0.02,21560.0
TXN001825,ORD01280,P007,3,0.15,4590.0
TXN001826,ORD01280,P003,4,0.02,13720.0
TXN001827,ORD01280,P009,1,0.02,1176.0
TXN001828,ORD01281,P007,1,0.1,1620.0
TXN001829,ORD01282,P012,2,0.1,8100.0
TXN001830,ORD01283,P006,1,0.15,12750.0
TXN001831,ORD01283,P001,1,0.0,65000.0
TXN001832,ORD01284,P009,4,0.02,4704.0
TXN001833,ORD01285,P004,1,0.0,18000.0
TXN001834,ORD01285,P002,1,0.15,23800.0
TXN001835,ORD01286,P003,3,0.1,9450.0
TXN001836,ORD01286,P009,1,0.02,1176.0
TXN001837,ORD01287,P011,2,0.0,44000.0
TXN001838,ORD01288,P002,2,0.05,53200.0
TXN001839,ORD01289,P004,2,0.08,33120.0
TXN001840,ORD01290,P011,1,0.05,20900.0
TXN001841,ORD01291,P007,1,0.0,1800.0
TXN001842,ORD01292,P009,2,0.08,2208.0
TXN001843,ORD01292,P005,1,0.02,11760.0
TXN001844,ORD01293,P009,1,0.08,1104.0
TXN001845,ORD01294,P012,2,0.05,8550.0
TXN001846,ORD01294,P003,1,0.05,3325.0
TXN001847,ORD01295,P001,1,0.0,65000.0
TXN001848,ORD01296,P003,2,0.08,6440.0
TXN001849,ORD01297,P005,1,0.15,10200.0
TXN001850,ORD01298,P005,1,0.05,11400.0
TXN001851,ORD01299,P006,2,0.08,27600.0
TXN001852,ORD01299,P008,2,0.0,4400.0
TXN001853,ORD01300,P001,2,0.0,130000.0
TXN001854,ORD01300,P009,1,0.15,1020.0
TXN001855,ORD01300,P012,2,0.15,7650.0
TXN001856,ORD01301,P009,1,0.0,1200.0
TXN001857,ORD01302,P009,4,0.08,4416.0
TXN001858,ORD01303,P012,3,0.08,12420.0
TXN001859,ORD01304,P006,1,0.1,13500.0
TXN001860,ORD01305,P006,1,0.02,14700.0
TXN001861,ORD01306,P003,2,0.05,6650.0
TXN001862,ORD01307,P007,1,0.08,1656.0
TXN001863,ORD01308,P005,1,0.15,10200.0
TXN001864,ORD01308,P011,2,0.02,43120.0
TXN001865,ORD01309,P006,1,0.02,14700.0
TXN001866,ORD01310,P005,1,0.08,11040.0
TXN001867,ORD01310,P011,1,0.05,20900.0
TXN001868,ORD01310,P003,1,0.0,3500.0
TXN001869,ORD01311,P012,1,0.08,4140.0
TXN001870,ORD01312,P007,1,0.1,1620.0
TXN001871,ORD01313,P006,2,0.05,28500.0
TXN001872,ORD01313,P007,1,0.08,1656.0
TXN001873,ORD01313,P005,2,0.08,22080.0
TXN001874,ORD01314,P004,1,0.05,17100.0
TXN001875,ORD01314,P009,1,0.08,1104.0
TXN001876,ORD01315,P001,4,0.02,254800.0
TXN001877,ORD01316,P008,1,0.05,2090.0
TXN001878,ORD01316,P007,3,0.15,4590.0
TXN001879,ORD01317,P007,2,0.08,3312.0
TXN001880,ORD01317,P005,2,0.05,22800.0
TXN001881,ORD01318,P004,1,0.1,16200.0
TXN001882,ORD01319,P012,4,0.1,16200.0
TXN001883,ORD01320,P012,2,0.02,8820.0
TXN001884,ORD01321,P003,1,0.15,2975.0
TXN001885,ORD01322,P005,1,0.08,11040.0
TXN001886,ORD01323,P002,1,0.05,26600.0
TXN001887,ORD01324,P010,1,0.0,14000.0
TXN001888,ORD01324,P004,1,0.15,15300.0
TXN001889,ORD01325,P003,1,0.08,3220.0
TXN001890,ORD01326,P007,3,0.02,5292.0
TXN001891,ORD01326,P004,2,0.1,32400.0
TXN001892,ORD01327,P001,1,0.08,59800.0
TXN001893,ORD01328,P006,2,0.08,27600.0
TXN001894,ORD01329,P005,1,0.05,11400.0
TXN001895,ORD01330,P005,2,0.05,22800.0
TXN001896,ORD01330,P006,1,0.0,15000.0
TXN001897,ORD01331,P004,3,0.02,52920.0
TXN001898,ORD01332,P008,1,0.1,1980.0
TXN001899,ORD01332,P010,1,0.08,12880.0
TXN001900,ORD01333,P004,1,0.05,17100.0
TXN001901,ORD01334,P009,1,0.15,1020.0
TXN001902,ORD01335,P004,1,0.0,18000.0
TXN001903,ORD01335,P012,2,0.05,8550.0
TXN001904,ORD01336,P009,1,0.05,1140.0
TXN001905,ORD01336,P001,1,0.08,59800.0
TXN001906,ORD01337,P010,2,0.0,28000.0
TXN001907,ORD01338,P012,2,0.15,7650.0
TXN001908,ORD01338,P010,3,0.15,35700.0
TXN001909,ORD01339,P009,3,0.15,3060.0
TXN001910,ORD01340,P008,1,0.1,1980.0
TXN001911,ORD01341,P002,2,0.15,47600.0
TXN001912,ORD01342,P005,1,0.15,10200.0
TXN001913,ORD01343,P012,1,0.02,4410.0
TXN001914,ORD01344,P010,3,0.05,39900.0
TXN001915,ORD01344,P006,1,0.05,14250.0
TXN001916,ORD01345,P004,1,0.02,17640.0
TXN001917,ORD01345,P010,1,0.0,14000.0
TXN001918,ORD01346,P009,2,0.08,2208.0
TXN001919,ORD01346,P006,1,0.05,14250.0
TXN001920,ORD01347,P009,1,0.08,1104.0
TXN001921,ORD01348,P008,2,0.0,4400.0
TXN001922,ORD01348,P012,1,0.08,4140.0
TXN001923,ORD01349,P007,2,0.08,3312.0
TXN001924,ORD01349,P009,1,0.05,1140.0
TXN001925,ORD01350,P008,2,0.0,4400.0
TXN001926,ORD01351,P011,4,0.02,86240.0
TXN001927,ORD01351,P004,3,0.05,51300.0
TXN001928,ORD01352,P001,1,0.15,55250.0
TXN001929,ORD01352,P009,2,0.15,2040.0
TXN001930,ORD01353,P001,1,0.1,58500.0
TXN001931,ORD01353,P010,2,0.0,28000.0
TXN001932,ORD01354,P006,1,0.15,12750.0
TXN001933,ORD01354,P002,1,0.05,26600.0
TXN001934,ORD01355,P003,1,0.08,3220.0
TXN001935,ORD01356,P007,1,0.0,1800.0
TXN001936,ORD01357,P008,5,0.15,9350.0
TXN001937,ORD01358,P010,1,0.08,12880.0
TXN001938,ORD01358,P005,1,0.05,11400.0
TXN001939,ORD01359,P010,1,0.0,14000.0
TXN001940,ORD01359,P001,1,0.02,63700.0
TXN001941,ORD01360,P001,1,0.05,61750.0
TXN001942,ORD01361,P004,2,0.1,32400.0
TXN001943,ORD01362,P005,4,0.15,40800.0
TXN001944,ORD01363,P008,2,0.0,4400.0
TXN001945,ORD01363,P009,1,0.05,1140.0
TXN001946,ORD01363,P007,1,0.08,1656.0
TXN001947,ORD01364,P005,1,0.1,10800.0
TXN001948,ORD01365,P010,5,0.0,70000.0
TXN001949,ORD01366,P004,2,0.05,34200.0
TXN001950,ORD01367,P012,2,0.15,7650.0
TXN001951,ORD01368,P007,1,0.05,1710.0
TXN001952,ORD01368,P010,3,0.15,35700.0
TXN001953,ORD01368,P004,1,0.15,15300.0
TXN001954,ORD01369,P003,1,0.0,3500.0
TXN001955,ORD01369,P007,4,0.08,6624.0
TXN001956,ORD01369,P006,1,0.15,12750.0
TXN001957,ORD01370,P002,2,0.02,54880.0
TXN001958,ORD01371,P010,2,0.05,26600.0
TXN001959,ORD01372,P009,1,0.0,1200.0
TXN001960,ORD01373,P003,2,0.05,6650.0
TXN001961,ORD01373,P002,1,0.02,27440.0
TXN001962,ORD01374,P008,1,0.1,1980.0
TXN001963,ORD01374,P002,2,0.15,47600.0
TXN001964,ORD01374,P010,1,0.08,12880.0
TXN001965,ORD01375,P006,1,0.05,14250.0
TXN001966,ORD01375,P010,2,0.1,25200.0
TXN001967,ORD01376,P002,1,0.02,27440.0
TXN001968,ORD01377,P009,5,0.0,6000.0
TXN001969,ORD01377,P012,2,0.02,8820.0
TXN001970,ORD01378,P009,5,0.1,5400.0
TXN001971,ORD01378,P010,3,0.05,39900.0
TXN001972,ORD01379,P001,2,0.05,123500.0
TXN001973,ORD01380,P005,1,0.1,10800.0
TXN001974,ORD01381,P011,1,0.02,21560.0
TXN001975,ORD01382,P008,3,0.1,5940.0
TXN001976,ORD01383,P007,2,0.15,3060.0
TXN001977,ORD01384,P010,3,0.05,39900.0
TXN001978,ORD01385,P001,1,0.0,65000.0
TXN001979,ORD01385,P010,2,0.08,25760.0
TXN001980,ORD01386,P009,5,0.1,5400.0
TXN001981,ORD01387,P011,1,0.05,20900.0
TXN001982,ORD01388,P003,5,0.1,15750.0
TXN001983,ORD01389,P005,1,0.05,11400.0
TXN001984,ORD01389,P006,1,0.15,12750.0
TXN001985,ORD01389,P009,5,0.02,5880.0
TXN001986,ORD01390,P012,1,0.02,4410.0
TXN001987,ORD01390,P008,2,0.0,4400.0
TXN001988,ORD01391,P005,5,0.0,60000.0
TXN001989,ORD01392,P005,3,0.05,34200.0
TXN001990,ORD01392,P001,2,0.02,127400.0
TXN001991,ORD01393,P001,2,0.05,123500.0
TXN001992,ORD01393,P010,1,0.0,14000.0
TXN001993,ORD01394,P001,2,0.08,119600.0
TXN001994,ORD01394,P012,1,0.0,4500.0
TXN001995,ORD01395,P007,3,0.0,5400.0
TXN001996,ORD01396,P011,2,0.0,44000.0
TXN001997,ORD01397,P008,1,0.08,2024.0
TXN001998,ORD01398,P007,2,0.15,3060.0
TXN001999,ORD01399,P001,2,0.05,123500.0
TXN002000,ORD01399,P008,3,0.1,5940.0
TXN002001,ORD01400,P009,2,0.1,2160.0
TXN002002,ORD01401,P004,1,0.1,16200.0
TXN002003,ORD01402,P005,2,0.0,24000.0
TXN002004,ORD01402,P012,1,0.08,4140.0
TXN002005,ORD01403,P004,4,0.0,72000.0
TXN002006,ORD01403,P009,2,0.0,2400.0
TXN002007,ORD01404,P004,1,0.02,17640.0
TXN002008,ORD01404,P012,1,0.08,4140.0
TXN002009,ORD01405,P005,4,0.05,45600.0
TXN002010,ORD01406,P011,2,0.08,40480.0
TXN002011,ORD01406,P007,1,0.02,1764.0
TXN002012,ORD01407,P004,1,0.1,16200.0
TXN002013,ORD01407,P010,2,0.0,28000.0
TXN002014,ORD01408,P006,1,0.1,13500.0
TXN002015,ORD01409,P005,1,0.15,10200.0
TXN002016,ORD01410,P007,1,0.0,1800.0
TXN002017,ORD01411,P005,1,0.05,11400.0
TXN002018,ORD01412,P001,4,0.08,239200.0
TXN002019,ORD01412,P003,1,0.08,3220.0
TXN002020,ORD01413,P012,1,0.0,4500.0
TXN002021,ORD01414,P005,2,0.15,20400.0
TXN002022,ORD01415,P006,2,0.05,28500.0
TXN002023,ORD01415,P001,4,0.15,221000.0
TXN002024,ORD01416,P006,4,0.08,55200.0
TXN002025,ORD01417,P006,2,0.1,27000.0
TXN002026,ORD01417,P009,3,0.15,3060.0
TXN002027,ORD01418,P011,2,0.1,39600.0
TXN002028,ORD01419,P008,2,0.08,4048.0
TXN002029,ORD01420,P011,1,0.0,22000.0
TXN002030,ORD01421,P010,1,0.0,14000.0
TXN002031,ORD01421,P004,2,0.1,32400.0
TXN002032,ORD01422,P008,1,0.1,1980.0
TXN002033,ORD01423,P010,3,0.02,41160.0
TXN002034,ORD01424,P002,3,0.15,71400.0
TXN002035,ORD01425,P006,3,0.08,41400.0
TXN002036,ORD01426,P003,2,0.15,5950.0
TXN002037,ORD01426,P002,2,0.1,50400.0
TXN002038,ORD01426,P009,1,0.1,1080.0
TXN002039,ORD01427,P004,3,0.08,49680.0
TXN002040,ORD01428,P004,1,0.0,18000.0
TXN002041,ORD01428,P007,1,0.05,1710.0
TXN002042,ORD01429,P003,1,0.08,3220.0
TXN002043,ORD01430,P007,1,0.05,1710.0
TXN002044,ORD01430,P010,1,0.15,11900.0
TXN002045,ORD01431,P006,2,0.1,27000.0
TXN002046,ORD01432,P006,1,0.05,14250.0
TXN002047,ORD01433,P007,2,0.0,3600.0
TXN002048,ORD01433,P010,4,0.1,50400.0
TXN002049,ORD01433,P005,2,0.0,24000.0
TXN002050,ORD01434,P006,1,0.08,13800.0
TXN002051,ORD01435,P010,1,0.08,12880.0
TXN002052,ORD01435,P004,1,0.15,15300.0
TXN002053,ORD01436,P003,2,0.05,6650.0
TXN002054,ORD01437,P012,3,0.02,13230.0
TXN002055,ORD01437,P010,1,0.02,13720.0
TXN002056,ORD01437,P005,1,0.02,11760.0
TXN002057,ORD01438,P005,5,0.02,58800.0
TXN002058,ORD01438,P011,1,0.0,22000.0
TXN002059,ORD01438,P001,2,0.02,127400.0
TXN002060,ORD01439,P010,1,0.02,13720.0
TXN002061,ORD01440,P011,2,0.05,41800.0
TXN002062,ORD01441,P001,2,0.05,123500.0
TXN002063,ORD01442,P007,2,0.05,3420.0
TXN002064,ORD01443,P010,1,0.0,14000.0
TXN002065,ORD01444,P006,1,0.02,14700.0
TXN002066,ORD01444,P005,1,0.15,10200.0
TXN002067,ORD01445,P008,2,0.05,4180.0
TXN002068,ORD01445,P003,1,0.15,2975.0
TXN002069,ORD01446,P001,1,0.15,55250.0
TXN002070,ORD01447,P012,1,0.15,3825.0
TXN002071,ORD01448,P001,2,0.0,130000.0
TXN002072,ORD01448,P003,1,0.15,2975.0
TXN002073,ORD01449,P002,2,0.15,47600.0
TXN002074,ORD01450,P007,4,0.08,6624.0
TXN002075,ORD01451,P011,1,0.08,20240.0
TXN002076,ORD01452,P007,1,0.08,1656.0
TXN002077,ORD01453,P012,2,0.05,8550.0
TXN002078,ORD01454,P007,1,0.08,1656.0
TXN002079,ORD01455,P004,3,0.05,51300.0
TXN002080,ORD01456,P007,1,0.08,1656.0
TXN002081,ORD01457,P001,2,0.05,123500.0
TXN002082,ORD01458,P003,5,0.05,16625.0
TXN002083,ORD01459,P006,1,0.1,13500.0
TXN002084,ORD01460,P001,1,0.02,63700.0
TXN002085,ORD01460,P011,4,0.05,83600.0
TXN002086,ORD01461,P012,1,0.0,4500.0
TXN002087,ORD01461,P003,1,0.15,2975.0
TXN002088,ORD01462,P006,1,0.05,14250.0
TXN002089,ORD01463,P002,1,0.05,26600.0
TXN002090,ORD01463,P008,2,0.15,3740.0
TXN002091,ORD01463,P003,3,0.05,9975.0
TXN002092,ORD01464,P010,1,0.15,11900.0
TXN002093,ORD01464,P011,2,0.1,39600.0
TXN002094,ORD01465,P008,3,0.1,5940.0
TXN002095,ORD01466,P003,2,0.02,6860.0
TXN002096,ORD01467,P002,1,0.15,23800.0
TXN002097,ORD01468,P011,2,0.08,40480.0
TXN002098,ORD01469,P003,1,0.1,3150.0
TXN002099,ORD01470,P002,1,0.08,25760.0
TXN002100,ORD01471,P007,1,0.0,1800.0
TXN002101,ORD01472,P006,2,0.02,29400.0
TXN002102,ORD01473,P009,1,0.08,1104.0
TXN002103,ORD01474,P012,4,0.02,17640.0
TXN002104,ORD01474,P008,2,0.08,4048.0
TXN002105,ORD01475,P006,1,0.1,13500.0
TXN002106,ORD01475,P009,2,0.0,2400.0
TXN002107,ORD01475,P005,2,0.02,23520.0
TXN002108,ORD01476,P009,1,0.1,1080.0
TXN002109,ORD01477,P008,2,0.05,4180.0
TXN002110,ORD01477,P005,2,0.05,22800.0
TXN002111,ORD01478,P004,3,0.15,45900.0
TXN002112,ORD01479,P008,2,0.15,3740.0
TXN002113,ORD01479,P009,1,0.08,1104.0
TXN002114,ORD01479,P007,2,0.0,3600.0
TXN002115,ORD01480,P012,1,0.1,4050.0
TXN002116,ORD01480,P001,1,0.08,59800.0
TXN002117,ORD01481,P008,1,0.0,2200.0
TXN002118,ORD01482,P008,1,0.1,1980.0
TXN002119,ORD01482,P011,2,0.15,37400.0
TXN002120,ORD01483,P002,2,0.1,50400.0
TXN002121,ORD01484,P011,1,0.1,19800.0
TXN002122,ORD01485,P007,1,0.08,1656.0
TXN002123,ORD01486,P004,3,0.1,48600.0
TXN002124,ORD01486,P003,2,0.05,6650.0
TXN002125,ORD01487,P006,1,0.05,14250.0
TXN002126,ORD01487,P004,2,0.0,36000.0
TXN002127,ORD01488,P012,1,0.1,4050.0
TXN002128,ORD01489,P008,2,0.02,4312.0
TXN002129,ORD01489,P006,1,0.02,14700.0
TXN002130,ORD01490,P004,1,0.08,16560.0
TXN002131,ORD01491,P001,1,0.02,63700.0
TXN002132,ORD01491,P006,1,0.08,13800.0
TXN002133,ORD01492,P006,2,0.15,25500.0
TXN002134,ORD01493,P008,2,0.08,4048.0
TXN002135,ORD01494,P004,2,0.05,34200.0
TXN002136,ORD01495,P007,1,0.05,1710.0
TXN002137,ORD01496,P008,3,0.0,6600.0
TXN002138,ORD01497,P007,1,0.1,1620.0
TXN002139,ORD01498,P011,1,0.02,21560.0
TXN002140,ORD01499,P003,3,0.15,8925.0
TXN002141,ORD01499,P007,1,0.0,1800.0
TXN002142,ORD01500,P008,2,0.15,3740.0
TXN002143,ORD01501,P003,2,0.02,6860.0
TXN002144,ORD01502,P009,2,0.02,2352.0
TXN002145,ORD01503,P011,1,0.02,21560.0
TXN002146,ORD01504,P005,1,0.05,11400.0
TXN002147,ORD01504,P001,2,0.02,127400.0
TXN002148,ORD01505,P005,1,0.15,10200.0
TXN002149,ORD01506,P012,1,0.08,4140.0
TXN002150,ORD01506,P009,2,0.02,2352.0
TXN002151,ORD01507,P006,1,0.08,13800.0
TXN002152,ORD01508,P009,2,0.1,2160.0
TXN002153,ORD01508,P002,3,0.1,75600.0
TXN002154,ORD01509,P002,3,0.02,82320.0
TXN002155,ORD01510,P002,1,0.05,26600.0
TXN002156,ORD01511,P011,1,0.08,20240.0
TXN002157,ORD01511,P003,1,0.02,3430.0
TXN002158,ORD01512,P007,1,0.1,1620.0
TXN002159,ORD01512,P006,4,0.0,60000.0
TXN002160,ORD01513,P010,4,0.05,53200.0
TXN002161,ORD01514,P010,2,0.05,26600.0
TXN002162,ORD01515,P006,1,0.1,13500.0
TXN002163,ORD01516,P001,4,0.05,247000.0
TXN002164,ORD01516,P002,1,0.02,27440.0
TXN002165,ORD01517,P003,1,0.02,3430.0
TXN002166,ORD01517,P002,3,0.0,84000.0
TXN002167,ORD01518,P002,1,0.15,23800.0
TXN002168,ORD01519,P010,1,0.02,13720.0
TXN002169,ORD01520,P009,2,0.0,2400.0
TXN002170,ORD01521,P005,2,0.02,23520.0
TXN002171,ORD01521,P012,3,0.08,12420.0
TXN002172,ORD01522,P010,3,0.0,42000.0
TXN002173,ORD01523,P005,3,0.05,34200.0
TXN002174,ORD01524,P001,1,0.1,58500.0
TXN002175,ORD01525,P003,3,0.05,9975.0
TXN002176,ORD01525,P010,1,0.02,13720.0
TXN002177,ORD01526,P009,1,0.02,1176.0
TXN002178,ORD01526,P010,1,0.15,11900.0
TXN002179,ORD01527,P003,1,0.08,3220.0
TXN002180,ORD01527,P012,2,0.02,8820.0
TXN002181,ORD01528,P002,1,0.1,25200.0
TXN002182,ORD01529,P002,2,0.15,47600.0
TXN002183,ORD01530,P002,2,0.1,50400.0
TXN002184,ORD01530,P009,2,0.08,2208.0
TXN002185,ORD01531,P001,1,0.0,65000.0
TXN002186,ORD01532,P011,1,0.05,20900.0
TXN002187,ORD01532,P003,3,0.15,8925.0
TXN002188,ORD01533,P005,2,0.08,22080.0
TXN002189,ORD01534,P009,2,0.05,2280.0
TXN002190,ORD01535,P009,2,0.1,2160.0
TXN002191,ORD01535,P002,1,0.0,28000.0
TXN002192,ORD01536,P008,2,0.0,4400.0
TXN002193,ORD01537,P009,2,0.02,2352.0
TXN002194,ORD01537,P004,1,0.0,18000.0
TXN002195,ORD01538,P009,3,0.15,3060.0
TXN002196,ORD01539,P008,1,0.02,2156.0
TXN002197,ORD01539,P010,1,0.1,12600.0
TXN002198,ORD01540,P004,1,0.05,17100.0
TXN002199,ORD01541,P009,4,0.1,4320.0
TXN002200,ORD01542,P003,1,0.05,3325.0
TXN002201,ORD01542,P007,3,0.15,4590.0
TXN002202,ORD01542,P001,2,0.08,119600.0
TXN002203,ORD01543,P005,5,0.1,54000.0
TXN002204,ORD01544,P003,1,0.05,3325.0
TXN002205,ORD01545,P002,1,0.0,28000.0
TXN002206,ORD01546,P002,3,0.02,82320.0
TXN002207,ORD01546,P007,1,0.08,1656.0
TXN002208,ORD01547,P004,1,0.05,17100.0
TXN002209,ORD01547,P007,1,0.02,1764.0
TXN002210,ORD01547,P011,2,0.1,39600.0
TXN002211,ORD01548,P011,1,0.08,20240.0
TXN002212,ORD01549,P001,2,0.05,123500.0
TXN002213,ORD01550,P011,2,0.0,44000.0
TXN002214,ORD01551,P011,3,0.02,64680.0
TXN002215,ORD01552,P004,3,0.0,54000.0
TXN002216,ORD01553,P012,4,0.08,16560.0
TXN002217,ORD01554,P005,4,0.05,45600.0
TXN002218,ORD01555,P005,3,0.0,36000.0
TXN002219,ORD01556,P012,1,0.15,3825.0
TXN002220,ORD01557,P012,2,0.0,9000.0
TXN002221,ORD01558,P006,4,0.15,51000.0
TXN002222,ORD01559,P005,1,0.0,12000.0
TXN002223,ORD01559,P009,4,0.08,4416.0
TXN002224,ORD01560,P004,1,0.08,16560.0
TXN002225,ORD01560,P001,1,0.08,59800.0
TXN002226,ORD01561,P011,3,0.08,60720.0
TXN002227,ORD01562,P006,4,0.1,54000.0
TXN002228,ORD01562,P011,1,0.08,20240.0
TXN002229,ORD01563,P012,1,0.08,4140.0
TXN002230,ORD01564,P001,1,0.02,63700.0
TXN002231,ORD01564,P003,1,0.02,3430.0
TXN002232,ORD01565,P003,2,0.05,6650.0
TXN002233,ORD01566,P009,1,0.0,1200.0
TXN002234,ORD01567,P004,1,0.08,16560.0
TXN002235,ORD01568,P012,1,0.1,4050.0
TXN002236,ORD01568,P001,1,0.1,58500.0
TXN002237,ORD01568,P009,1,0.08,1104.0
TXN002238,ORD01569,P012,3,0.05,12825.0
TXN002239,ORD01570,P002,4,0.15,95200.0
TXN002240,ORD01571,P003,5,0.15,14875.0
TXN002241,ORD01571,P004,1,0.08,16560.0
TXN002242,ORD01572,P008,5,0.05,10450.0
TXN002243,ORD01572,P003,3,0.05,9975.0
TXN002244,ORD01573,P005,2,0.08,22080.0
TXN002245,ORD01574,P008,1,0.02,2156.0
TXN002246,ORD01575,P011,1,0.0,22000.0
TXN002247,ORD01576,P003,1,0.0,3500.0
TXN002248,ORD01577,P008,1,0.1,1980.0
TXN002249,ORD01577,P011,3,0.0,66000.0
TXN002250,ORD01577,P005,1,0.05,11400.0
TXN002251,ORD01578,P003,3,0.15,8925.0
TXN002252,ORD01578,P009,1,0.15,1020.0
TXN002253,ORD01579,P009,1,0.15,1020.0
TXN002254,ORD01579,P007,3,0.02,5292.0
TXN002255,ORD01580,P001,1,0.08,59800.0
TXN002256,ORD01581,P010,4,0.02,54880.0
TXN002257,ORD01582,P002,3,0.1,75600.0
TXN002258,ORD01583,P001,3,0.0,195000.0
TXN002259,ORD01584,P003,2,0.0,7000.0
TXN002260,ORD01584,P008,2,0.15,3740.0
TXN002261,ORD01585,P001,5,0.0,325000.0
TXN002262,ORD01586,P011,1,0.15,18700.0
TXN002263,ORD01587,P009,1,0.08,1104.0
TXN002264,ORD01588,P008,1,0.0,2200.0
TXN002265,ORD01589,P008,1,0.1,1980.0
TXN002266,ORD01590,P004,1,0.1,16200.0
TXN002267,ORD01591,P010,1,0.08,12880.0
TXN002268,ORD01592,P004,1,0.1,16200.0
TXN002269,ORD01593,P002,1,0.08,25760.0
TXN002270,ORD01593,P001,1,0.15,55250.0
TXN002271,ORD01594,P010,3,0.02,41160.0
TXN002272,ORD01594,P002,2,0.08,51520.0
TXN002273,ORD01594,P001,2,0.1,117000.0
TXN002274,ORD01595,P005,3,0.15,30600.0
TXN002275,ORD01596,P001,1,0.05,61750.0
TXN002276,ORD01597,P003,4,0.15,11900.0
TXN002277,ORD01598,P004,2,0.05,34200.0
TXN002278,ORD01599,P010,1,0.1,12600.0
TXN002279,ORD01600,P003,1,0.15,2975.0
TXN002280,ORD01600,P007,1,0.05,1710.0
TXN002281,ORD01601,P003,2,0.05,6650.0
TXN002282,ORD01602,P009,1,0.1,1080.0
TXN002283,ORD01603,P003,3,0.1,9450.0
TXN002284,ORD01604,P005,4,0.15,40800.0
TXN002285,ORD01605,P002,2,0.0,56000.0
TXN002286,ORD01605,P001,2,0.1,117000.0
TXN002287,ORD01606,P001,1,0.0,65000.0
TXN002288,ORD01607,P006,2,0.05,28500.0
TXN002289,ORD01608,P010,1,0.15,11900.0
TXN002290,ORD01609,P012,2,0.1,8100.0
TXN002291,ORD01610,P001,1,0.02,63700.0
TXN002292,ORD01610,P004,2,0.0,36000.0
TXN002293,ORD01611,P002,3,0.0,84000.0
TXN002294,ORD01612,P007,1,0.05,1710.0
TXN002295,ORD01612,P012,1,0.0,4500.0
TXN002296,ORD01613,P004,1,0.0,18000.0
TXN002297,ORD01613,P008,1,0.1,1980.0
TXN002298,ORD01614,P002,5,0.02,137200.0
TXN002299,ORD01615,P011,2,0.0,44000.0
TXN002300,ORD01615,P012,3,0.08,12420.0
TXN002301,ORD01616,P005,1,0.1,10800.0
TXN002302,ORD01616,P001,2,0.0,130000.0
TXN002303,ORD01616,P006,1,0.05,14250.0
TXN002304,ORD01617,P008,3,0.02,6468.0
TXN002305,ORD01618,P003,2,0.05,6650.0
TXN002306,ORD01619,P001,2,0.08,119600.0
TXN002307,ORD01620,P010,2,0.05,26600.0
TXN002308,ORD01621,P004,3,0.0,54000.0
TXN002309,ORD01622,P006,1,0.15,12750.0
TXN002310,ORD01622,P007,1,0.0,1800.0
TXN002311,ORD01623,P009,2,0.08,2208.0
TXN002312,ORD01624,P002,4,0.08,103040.0
TXN002313,ORD01625,P006,4,0.15,51000.0
TXN002314,ORD01626,P001,1,0.05,61750.0
TXN002315,ORD01627,P008,2,0.05,4180.0
TXN002316,ORD01628,P006,5,0.15,63750.0
TXN002317,ORD01629,P004,1,0.1,16200.0
TXN002318,ORD01629,P009,2,0.1,2160.0
TXN002319,ORD01630,P004,2,0.08,33120.0
TXN002320,ORD01631,P009,2,0.15,2040.0
TXN002321,ORD01631,P011,3,0.15,56100.0
TXN002322,ORD01632,P008,3,0.0,6600.0
TXN002323,ORD01633,P012,1,0.15,3825.0
TXN002324,ORD01634,P011,1,0.0,22000.0
TXN002325,ORD01635,P009,1,0.1,1080.0
TXN002326,ORD01635,P001,4,0.08,239200.0
TXN002327,ORD01636,P008,1,0.15,1870.0
TXN002328,ORD01637,P010,2,0.05,26600.0
TXN002329,ORD01638,P007,1,0.08,1656.0
TXN002330,ORD01638,P006,4,0.1,54000.0
TXN002331,ORD01639,P002,1,0.08,25760.0
TXN002332,ORD01639,P003,1,0.02,3430.0
TXN002333,ORD01640,P012,3,0.1,12150.0
TXN002334,ORD01641,P002,1,0.05,26600.0
TXN002335,ORD01642,P006,1,0.05,14250.0
TXN002336,ORD01643,P011,1,0.05,20900.0
TXN002337,ORD01644,P008,4,0.15,7480.0
TXN002338,ORD01644,P005,2,0.05,22800.0
TXN002339,ORD01645,P012,1,0.1,4050.0
TXN002340,ORD01645,P010,1,0.08,12880.0
TXN002341,ORD01646,P004,1,0.1,16200.0
TXN002342,ORD01646,P003,2,0.02,6860.0
TXN002343,ORD01647,P011,2,0.02,43120.0
TXN002344,ORD01648,P008,1,0.0,2200.0
TXN002345,ORD01649,P009,2,0.02,2352.0
TXN002346,ORD01650,P005,2,0.08,22080.0
TXN002347,ORD01651,P011,2,0.08,40480.0
TXN002348,ORD01652,P009,2,0.05,2280.0
TXN002349,ORD01652,P007,2,0.0,3600.0
TXN002350,ORD01652,P005,4,0.05,45600.0
TXN002351,ORD01653,P003,1,0.05,3325.0
TXN002352,ORD01654,P006,3,0.08,41400.0
TXN002353,ORD01654,P012,1,0.0,4500.0
TXN002354,ORD01655,P009,2,0.02,2352.0
TXN002355,ORD01656,P010,2,0.05,26600.0
TXN002356,ORD01657,P004,2,0.02,35280.0
TXN002357,ORD01658,P006,1,0.1,13500.0
TXN002358,ORD01658,P011,1,0.05,20900.0
TXN002359,ORD01659,P004,2,0.0,36000.0
TXN002360,ORD01660,P009,1,0.15,1020.0
TXN002361,ORD01660,P002,3,0.0,84000.0
TXN002362,ORD01661,P011,4,0.02,86240.0
TXN002363,ORD01662,P005,2,0.05,22800.0
TXN002364,ORD01663,P008,1,0.15,1870.0
TXN002365,ORD01663,P005,2,0.1,21600.0
TXN002366,ORD01664,P006,2,0.05,28500.0
TXN002367,ORD01665,P009,1,0.15,1020.0
TXN002368,ORD01666,P003,3,0.02,10290.0
TXN002369,ORD01667,P011,1,0.1,19800.0
TXN002370,ORD01668,P011,2,0.1,39600.0
TXN002371,ORD01669,P010,1,0.08,12880.0
TXN002372,ORD01669,P004,1,0.0,18000.0
TXN002373,ORD01670,P006,2,0.15,25500.0
TXN002374,ORD01671,P005,1,0.0,12000.0
TXN002375,ORD01672,P009,2,0.0,2400.0
TXN002376,ORD01673,P009,1,0.1,1080.0
TXN002377,ORD01673,P001,1,0.02,63700.0
TXN002378,ORD01673,P010,1,0.08,12880.0
TXN002379,ORD01674,P002,1,0.1,25200.0
TXN002380,ORD01675,P010,2,0.15,23800.0
TXN002381,ORD01676,P004,1,0.1,16200.0
TXN002382,ORD01676,P001,1,0.08,59800.0
TXN002383,ORD01677,P010,3,0.0,42000.0
TXN002384,ORD01678,P005,1,0.02,11760.0
TXN002385,ORD01679,P011,4,0.08,80960.0
TXN002386,ORD01679,P003,1,0.08,3220.0
TXN002387,ORD01680,P006,1,0.0,15000.0
TXN002388,ORD01680,P007,1,0.02,1764.0
TXN002389,ORD01681,P002,2,0.15,47600.0
TXN002390,ORD01681,P005,1,0.1,10800.0
TXN002391,ORD01682,P001,3,0.15,165750.0
TXN002392,ORD01683,P006,1,0.05,14250.0
TXN002393,ORD01684,P006,3,0.02,44100.0
TXN002394,ORD01684,P010,1,0.0,14000.0
TXN002395,ORD01685,P001,1,0.1,58500.0
TXN002396,ORD01685,P004,3,0.08,49680.0
TXN002397,ORD01686,P012,2,0.08,8280.0
TXN002398,ORD01687,P009,2,0.0,2400.0
TXN002399,ORD01688,P007,1,0.15,1530.0
TXN002400,ORD01689,P002,2,0.15,47600.0
TXN002401,ORD01689,P003,2,0.0,7000.0
TXN002402,ORD01690,P011,1,0.0,22000.0
TXN002403,ORD01691,P006,2,0.0,30000.0
TXN002404,ORD01692,P001,2,0.15,110500.0
TXN002405,ORD01693,P003,3,0.15,8925.0
TXN002406,ORD01694,P008,1,0.0,2200.0
TXN002407,ORD01694,P001,5,0.05,308750.0
TXN002408,ORD01695,P002,4,0.0,112000.0
TXN002409,ORD01696,P001,1,0.15,55250.0
TXN002410,ORD01697,P003,1,0.02,3430.0
TXN002411,ORD01697,P007,3,0.02,5292.0
TXN002412,ORD01698,P003,1,0.15,2975.0
TXN002413,ORD01699,P005,1,0.15,10200.0
TXN002414,ORD01700,P008,3,0.02,6468.0
TXN002415,ORD01701,P008,1,0.15,1870.0
TXN002416,ORD01701,P009,1,0.08,1104.0
TXN002417,ORD01702,P003,2,0.05,6650.0
TXN002418,ORD01702,P001,2,0.02,127400.0
TXN002419,ORD01702,P012,1,0.05,4275.0
TXN002420,ORD01703,P011,2,0.02,43120.0
TXN002421,ORD01704,P001,2,0.05,123500.0
TXN002422,ORD01705,P009,3,0.1,3240.0
TXN002423,ORD01705,P003,3,0.15,8925.0
TXN002424,ORD01706,P011,4,0.15,74800.0
TXN002425,ORD01706,P006,2,0.1,27000.0
TXN002426,ORD01707,P004,1,0.08,16560.0
TXN002427,ORD01708,P010,4,0.02,54880.0
TXN002428,ORD01709,P005,3,0.1,32400.0
TXN002429,ORD01710,P006,1,0.08,13800.0
TXN002430,ORD01711,P012,1,0.05,4275.0
TXN002431,ORD01711,P003,1,0.0,3500.0
TXN002432,ORD01712,P008,1,0.0,2200.0
TXN002433,ORD01713,P003,1,0.08,3220.0
TXN002434,ORD01713,P008,4,0.15,7480.0
TXN002435,ORD01714,P002,1,0.08,25760.0
TXN002436,ORD01715,P007,1,0.15,1530.0
TXN002437,ORD01715,P011,1,0.1,19800.0
TXN002438,ORD01716,P008,2,0.1,3960.0
TXN002439,ORD01717,P005,1,0.1,10800.0
TXN002440,ORD01718,P004,1,0.08,16560.0
TXN002441,ORD01718,P006,3,0.0,45000.0
TXN002442,ORD01719,P001,1,0.0,65000.0
TXN002443,ORD01720,P003,1,0.0,3500.0
TXN002444,ORD01721,P010,4,0.1,50400.0
TXN002445,ORD01722,P012,4,0.15,15300.0
TXN002446,ORD01722,P008,2,0.08,4048.0
TXN002447,ORD01723,P011,1,0.02,21560.0
TXN002448,ORD01723,P010,1,0.05,13300.0
TXN002449,ORD01724,P007,1,0.15,1530.0
TXN002450,ORD01725,P011,1,0.02,21560.0
TXN002451,ORD01725,P002,1,0.05,26600.0
TXN002452,ORD01726,P002,1,0.1,25200.0
TXN002453,ORD01727,P005,3,0.08,33120.0
TXN002454,ORD01728,P005,2,0.15,20400.0
TXN002455,ORD01729,P009,2,0.02,2352.0
TXN002456,ORD01730,P006,1,0.02,14700.0
TXN002457,ORD01731,P003,3,0.02,10290.0
TXN002458,ORD01731,P012,2,0.02,8820.0
TXN002459,ORD01732,P010,1,0.05,13300.0
TXN002460,ORD01733,P002,2,0.05,53200.0
TXN002461,ORD01733,P010,1,0.05,13300.0
TXN002462,ORD01734,P003,3,0.02,10290.0
TXN002463,ORD01734,P010,2,0.0,28000.0
TXN002464,ORD01735,P012,2,0.02,8820.0
TXN002465,ORD01736,P006,5,0.0,75000.0
TXN002466,ORD01737,P009,1,0.05,1140.0
TXN002467,ORD01738,P005,2,0.05,22800.0
TXN002468,ORD01738,P012,5,0.1,20250.0
TXN002469,ORD01738,P006,1,0.08,13800.0
TXN002470,ORD01739,P010,4,0.1,50400.0
TXN002471,ORD01740,P009,2,0.15,2040.0
TXN002472,ORD01741,P002,3,0.05,79800.0
TXN002473,ORD01741,P001,1,0.1,58500.0
TXN002474,ORD01742,P001,1,0.05,61750.0
TXN002475,ORD01743,P008,2,0.02,4312.0
TXN002476,ORD01744,P003,1,0.15,2975.0
TXN002477,ORD01745,P011,1,0.08,20240.0
TXN002478,ORD01746,P007,2,0.02,3528.0
TXN002479,ORD01747,P010,3,0.08,38640.0
TXN002480,ORD01748,P003,2,0.02,6860.0
TXN002481,ORD01749,P004,4,0.02,70560.0
TXN002482,ORD01749,P006,2,0.08,27600.0
TXN002483,ORD01750,P008,2,0.15,3740.0
TXN002484,ORD01751,P006,2,0.05,28500.0
TXN002485,ORD01752,P009,1,0.0,1200.0
TXN002486,ORD01753,P006,1,0.0,15000.0
TXN002487,ORD01754,P005,3,0.08,33120.0
TXN002488,ORD01755,P003,2,0.15,5950.0
TXN002489,ORD01756,P008,3,0.15,5610.0
TXN002490,ORD01757,P006,1,0.0,15000.0
TXN002491,ORD01757,P005,2,0.05,22800.0
TXN002492,ORD01758,P012,1,0.15,3825.0
TXN002493,ORD01758,P007,2,0.02,3528.0
TXN002494,ORD01759,P007,3,0.0,5400.0
TXN002495,ORD01760,P004,1,0.15,15300.0
TXN002496,ORD01761,P004,2,0.02,35280.0
TXN002497,ORD01761,P012,1,0.05,4275.0
TXN002498,ORD01762,P001,2,0.02,127400.0
TXN002499,ORD01763,P007,2,0.05,3420.0
TXN002500,ORD01763,P008,3,0.15,5610.0
TXN002501,ORD01764,P007,1,0.05,1710.0
TXN002502,ORD01764,P010,2,0.0,28000.0
TXN002503,ORD01764,P005,2,0.05,22800.0
TXN002504,ORD01765,P008,1,0.08,2024.0
TXN002505,ORD01766,P005,5,0.05,57000.0
TXN002506,ORD01766,P004,1,0.1,16200.0
TXN002507,ORD01767,P010,1,0.15,11900.0
TXN002508,ORD01768,P006,1,0.15,12750.0
TXN002509,ORD01769,P002,1,0.15,23800.0
TXN002510,ORD01770,P007,2,0.1,3240.0
TXN002511,ORD01771,P008,2,0.1,3960.0
TXN002512,ORD01772,P008,1,0.02,2156.0
TXN002513,ORD01772,P009,2,0.02,2352.0
TXN002514,ORD01773,P008,2,0.05,4180.0
TXN002515,ORD01773,P009,1,0.1,1080.0
TXN002516,ORD01774,P005,1,0.08,11040.0
TXN002517,ORD01774,P003,1,0.08,3220.0
TXN002518,ORD01775,P009,1,0.02,1176.0
TXN002519,ORD01776,P009,2,0.08,2208.0
TXN002520,ORD01776,P005,1,0.05,11400.0
TXN002521,ORD01777,P009,1,0.08,1104.0
TXN002522,ORD01778,P012,1,0.1,4050.0
TXN002523,ORD01779,P010,1,0.1,12600.0
TXN002524,ORD01780,P005,1,0.15,10200.0
TXN002525,ORD01781,P008,2,0.15,3740.0
TXN002526,ORD01782,P006,2,0.08,27600.0
TXN002527,ORD01783,P009,2,0.05,2280.0
TXN002528,ORD01784,P012,2,0.15,7650.0
TXN002529,ORD01784,P009,2,0.0,2400.0
TXN002530,ORD01784,P001,1,0.08,59800.0
TXN002531,ORD01785,P004,1,0.15,15300.0
TXN002532,ORD01786,P012,2,0.08,8280.0
TXN002533,ORD01787,P009,2,0.05,2280.0
TXN002534,ORD01788,P011,1,0.0,22000.0
TXN002535,ORD01788,P010,2,0.1,25200.0
TXN002536,ORD01789,P010,2,0.08,25760.0
TXN002537,ORD01789,P003,2,0.05,6650.0
TXN002538,ORD01790,P008,2,0.0,4400.0
TXN002539,ORD01790,P004,2,0.08,33120.0
TXN002540,ORD01790,P011,5,0.08,101200.0
TXN002541,ORD01791,P001,3,0.1,175500.0
TXN002542,ORD01791,P008,1,0.05,2090.0
TXN002543,ORD01792,P008,1,0.1,1980.0
TXN002544,ORD01792,P011,3,0.02,64680.0
TXN002545,ORD01793,P005,1,0.15,10200.0
TXN002546,ORD01794,P002,1,0.05,26600.0
TXN002547,ORD01794,P009,1,0.0,1200.0
TXN002548,ORD01795,P005,3,0.08,33120.0
TXN002549,ORD01795,P002,5,0.15,119000.0
TXN002550,ORD01796,P006,5,0.08,69000.0
TXN002551,ORD01796,P009,1,0.02,1176.0
TXN002552,ORD01797,P005,2,0.0,24000.0
TXN002553,ORD01797,P011,2,0.15,37400.0
TXN002554,ORD01798,P011,1,0.08,20240.0
TXN002555,ORD01799,P008,2,0.02,4312.0
TXN002556,ORD01799,P002,1,0.02,27440.0
TXN002557,ORD01800,P012,2,0.02,8820.0
TXN002558,ORD01801,P001,1,0.1,58500.0
TXN002559,ORD01802,P002,1,0.08,25760.0
TXN002560,ORD01803,P009,2,0.08,2208.0
TXN002561,ORD01803,P001,2,0.0,130000.0
TXN002562,ORD01804,P010,2,0.02,27440.0
TXN002563,ORD01804,P006,1,0.05,14250.0
TXN002564,ORD01805,P012,1,0.0,4500.0
TXN002565,ORD01806,P012,4,0.05,17100.0
TXN002566,ORD01806,P006,1,0.02,14700.0
TXN002567,ORD01806,P004,1,0.1,16200.0
TXN002568,ORD01807,P007,4,0.15,6120.0
TXN002569,ORD01807,P011,2,0.15,37400.0
TXN002570,ORD01807,P001,1,0.05,61750.0
TXN002571,ORD01808,P009,3,0.05,3420.0
TXN002572,ORD01808,P005,1,0.02,11760.0
TXN002573,ORD01809,P003,1,0.0,3500.0
TXN002574,ORD01810,P008,4,0.02,8624.0
TXN002575,ORD01811,P001,1,0.1,58500.0
TXN002576,ORD01812,P010,4,0.08,51520.0
TXN002577,ORD01813,P010,2,0.0,28000.0
TXN002578,ORD01814,P007,3,0.0,5400.0
TXN002579,ORD01815,P010,1,0.1,12600.0
TXN002580,ORD01815,P001,1,0.05,61750.0
TXN002581,ORD01816,P005,2,0.05,22800.0
TXN002582,ORD01817,P010,1,0.08,12880.0
TXN002583,ORD01817,P004,2,0.15,30600.0
TXN002584,ORD01818,P001,4,0.1,234000.0
TXN002585,ORD01819,P002,1,0.02,27440.0
TXN002586,ORD01820,P005,1,0.02,11760.0
TXN002587,ORD01820,P003,1,0.0,3500.0
TXN002588,ORD01821,P009,2,0.0,2400.0
TXN002589,ORD01822,P010,1,0.08,12880.0
TXN002590,ORD01823,P005,1,0.0,12000.0
TXN002591,ORD01824,P003,1,0.08,3220.0
TXN002592,ORD01825,P009,2,0.1,2160.0
TXN002593,ORD01826,P010,4,0.08,51520.0
TXN002594,ORD01826,P002,1,0.15,23800.0
TXN002595,ORD01826,P009,1,0.02,1176.0
TXN002596,ORD01827,P012,2,0.02,8820.0
TXN002597,ORD01828,P004,3,0.15,45900.0
TXN002598,ORD01829,P009,5,0.02,5880.0
TXN002599,ORD01830,P010,1,0.08,12880.0
TXN002600,ORD01830,P011,1,0.15,18700.0
TXN002601,ORD01831,P003,1,0.1,3150.0
TXN002602,ORD01831,P009,2,0.05,2280.0
TXN002603,ORD01832,P003,1,0.0,3500.0
TXN002604,ORD01833,P008,1,0.15,1870.0
TXN002605,ORD01834,P007,1,0.15,1530.0
TXN002606,ORD01834,P004,1,0.15,15300.0
TXN002607,ORD01834,P002,1,0.15,23800.0
TXN002608,ORD01835,P007,3,0.05,5130.0
TXN002609,ORD01836,P012,2,0.1,8100.0
TXN002610,ORD01837,P005,1,0.0,12000.0
TXN002611,ORD01838,P004,2,0.1,32400.0
TXN002612,ORD01839,P004,1,0.08,16560.0
TXN002613,ORD01840,P006,2,0.02,29400.0
TXN002614,ORD01841,P004,1,0.1,16200.0
TXN002615,ORD01842,P001,5,0.1,292500.0
TXN002616,ORD01843,P011,3,0.08,60720.0
TXN002617,ORD01844,P010,1,0.1,12600.0
TXN002618,ORD01845,P009,2,0.1,2160.0
TXN002619,ORD01846,P011,3,0.1,59400.0
TXN002620,ORD01847,P007,1,0.1,1620.0
TXN002621,ORD01848,P005,3,0.08,33120.0
TXN002622,ORD01849,P007,2,0.0,3600.0
TXN002623,ORD01849,P008,1,0.15,1870.0
TXN002624,ORD01850,P004,2,0.1,32400.0
TXN002625,ORD01851,P009,2,0.0,2400.0
TXN002626,ORD01852,P008,3,0.08,6072.0
TXN002627,ORD01853,P004,2,0.08,33120.0
TXN002628,ORD01853,P009,1,0.15,1020.0
TXN002629,ORD01854,P010,3,0.05,39900.0
TXN002630,ORD01855,P011,2,0.1,39600.0
TXN002631,ORD01855,P005,4,0.02,47040.0
TXN002632,ORD01855,P010,2,0.0,28000.0
TXN002633,ORD01856,P008,3,0.08,6072.0
TXN002634,ORD01856,P002,2,0.1,50400.0
TXN002635,ORD01857,P009,2,0.05,2280.0
TXN002636,ORD01857,P001,1,0.15,55250.0
TXN002637,ORD01858,P008,1,0.15,1870.0
TXN002638,ORD01858,P004,1,0.15,15300.0
TXN002639,ORD01858,P009,1,0.05,1140.0
TXN002640,ORD01859,P003,2,0.1,6300.0
TXN002641,ORD01860,P003,3,0.0,10500.0
TXN002642,ORD01861,P001,1,0.02,63700.0
TXN002643,ORD01861,P003,5,0.15,14875.0
TXN002644,ORD01862,P002,1,0.02,27440.0
TXN002645,ORD01863,P010,3,0.1,37800.0
TXN002646,ORD01864,P005,1,0.08,11040.0
TXN002647,ORD01864,P004,2,0.02,35280.0
TXN002648,ORD01864,P012,2,0.05,8550.0
TXN002649,ORD01865,P006,4,0.05,57000.0
TXN002650,ORD01865,P004,2,0.15,30600.0
TXN002651,ORD01865,P005,4,0.1,43200.0
TXN002652,ORD01866,P006,2,0.15,25500.0
TXN002653,ORD01867,P010,1,0.05,13300.0
TXN002654,ORD01868,P003,3,0.15,8925.0
TXN002655,ORD01868,P002,5,0.15,119000.0
TXN002656,ORD01868,P001,5,0.08,299000.0
TXN002657,ORD01869,P005,2,0.1,21600.0
TXN002658,ORD01870,P002,1,0.08,25760.0
TXN002659,ORD01870,P004,1,0.15,15300.0
TXN002660,ORD01871,P010,1,0.1,12600.0
TXN002661,ORD01871,P004,1,0.1,16200.0
TXN002662,ORD01872,P003,3,0.08,9660.0
TXN002663,ORD01873,P006,5,0.08,69000.0
TXN002664,ORD01874,P002,2,0.08,51520.0
TXN002665,ORD01875,P012,1,0.05,4275.0
TXN002666,ORD01876,P008,2,0.02,4312.0
TXN002667,ORD01876,P010,4,0.0,56000.0
TXN002668,ORD01877,P011,1,0.15,18700.0
TXN002669,ORD01878,P005,1,0.02,11760.0
TXN002670,ORD01879,P006,1,0.08,13800.0
TXN002671,ORD01880,P008,1,0.1,1980.0
TXN002672,ORD01880,P010,1,0.08,12880.0
TXN002673,ORD01881,P002,1,0.08,25760.0
TXN002674,ORD01882,P006,1,0.0,15000.0
TXN002675,ORD01883,P005,1,0.15,10200.0
TXN002676,ORD01883,P011,1,0.0,22000.0
TXN002677,ORD01884,P002,3,0.15,71400.0
TXN002678,ORD01884,P007,1,0.08,1656.0
TXN002679,ORD01885,P003,2,0.15,5950.0
TXN002680,ORD01885,P011,2,0.05,41800.0
TXN002681,ORD01886,P012,1,0.1,4050.0
TXN002682,ORD01886,P002,2,0.02,54880.0
TXN002683,ORD01887,P002,3,0.0,84000.0
TXN002684,ORD01888,P011,3,0.08,60720.0
TXN002685,ORD01888,P007,1,0.0,1800.0
TXN002686,ORD01889,P004,2,0.05,34200.0
TXN002687,ORD01890,P006,5,0.0,75000.0
TXN002688,ORD01891,P004,1,0.05,17100.0
TXN002689,ORD01892,P012,1,0.15,3825.0
TXN002690,ORD01892,P002,2,0.08,51520.0
TXN002691,ORD01893,P009,2,0.1,2160.0
TXN002692,ORD01893,P005,1,0.05,11400.0
TXN002693,ORD01894,P001,3,0.1,175500.0
TXN002694,ORD01894,P005,2,0.15,20400.0
TXN002695,ORD01895,P009,3,0.15,3060.0
TXN002696,ORD01895,P007,4,0.02,7056.0
TXN002697,ORD01896,P004,3,0.15,45900.0
TXN002698,ORD01896,P002,5,0.08,128800.0
TXN002699,ORD01896,P011,3,0.02,64680.0
TXN002700,ORD01897,P011,1,0.0,22000.0
TXN002701,ORD01897,P010,2,0.15,23800.0
TXN002702,ORD01898,P006,2,0.08,27600.0
TXN002703,ORD01898,P003,1,0.1,3150.0
TXN002704,ORD01899,P004,2,0.15,30600.0
TXN002705,ORD01899,P001,2,0.0,130000.0
TXN002706,ORD01899,P008,1,0.05,2090.0
TXN002707,ORD01900,P003,2,0.0,7000.0
TXN002708,ORD01901,P003,4,0.05,13300.0
TXN002709,ORD01901,P002,2,0.15,47600.0
TXN002710,ORD01902,P009,1,0.02,1176.0
TXN002711,ORD01903,P011,5,0.08,101200.0
TXN002712,ORD01903,P009,1,0.1,1080.0
TXN002713,ORD01904,P010,3,0.0,42000.0
TXN002714,ORD01905,P010,2,0.1,25200.0
TXN002715,ORD01906,P002,2,0.0,56000.0
TXN002716,ORD01906,P007,2,0.15,3060.0
TXN002717,ORD01907,P011,1,0.05,20900.0
TXN002718,ORD01908,P007,2,0.02,3528.0
TXN002719,ORD01908,P012,1,0.0,4500.0
TXN002720,ORD01909,P001,2,0.08,119600.0
TXN002721,ORD01910,P010,1,0.1,12600.0
TXN002722,ORD01911,P011,1,0.15,18700.0
TXN002723,ORD01912,P002,2,0.02,54880.0
TXN002724,ORD01912,P001,1,0.0,65000.0
TXN002725,ORD01913,P010,1,0.05,13300.0
TXN002726,ORD01913,P007,3,0.15,4590.0
TXN002727,ORD01914,P006,1,0.05,14250.0
TXN002728,ORD01915,P009,2,0.1,2160.0
TXN002729,ORD01915,P003,1,0.08,3220.0
TXN002730,ORD01915,P008,1,0.15,1870.0
TXN002731,ORD01916,P005,2,0.15,20400.0
TXN002732,ORD01917,P006,2,0.05,28500.0
TXN002733,ORD01918,P012,1,0.15,3825.0
TXN002734,ORD01918,P011,4,0.08,80960.0
TXN002735,ORD01918,P004,3,0.02,52920.0
TXN002736,ORD01919,P005,2,0.05,22800.0
TXN002737,ORD01919,P009,1,0.1,1080.0
TXN002738,ORD01920,P011,1,0.1,19800.0
TXN002739,ORD01920,P004,2,0.1,32400.0
TXN002740,ORD01921,P002,1,0.0,28000.0
TXN002741,ORD01922,P010,1,0.05,13300.0
TXN002742,ORD01922,P005,1,0.05,11400.0
TXN002743,ORD01923,P012,2,0.0,9000.0
TXN002744,ORD01923,P002,1,0.1,25200.0
TXN002745,ORD01923,P008,1,0.02,2156.0
TXN002746,ORD01924,P002,4,0.05,106400.0
TXN002747,ORD01925,P005,3,0.15,30600.0
TXN002748,ORD01926,P002,2,0.0,56000.0
TXN002749,ORD01927,P010,1,0.15,11900.0
TXN002750,ORD01928,P005,1,0.05,11400.0
TXN002751,ORD01929,P001,2,0.02,127400.0
TXN002752,ORD01930,P011,1,0.02,21560.0
TXN002753,ORD01931,P008,2,0.0,4400.0
TXN002754,ORD01932,P007,4,0.1,6480.0
TXN002755,ORD01933,P010,1,0.15,11900.0
TXN002756,ORD01933,P001,5,0.08,299000.0
TXN002757,ORD01933,P004,1,0.02,17640.0
TXN002758,ORD01934,P008,2,0.0,4400.0
TXN002759,ORD01935,P005,1,0.02,11760.0
TXN002760,ORD01936,P006,1,0.15,12750.0
TXN002761,ORD01936,P003,2,0.1,6300.0
TXN002762,ORD01937,P001,2,0.02,127400.0
TXN002763,ORD01938,P010,1,0.15,11900.0
TXN002764,ORD01938,P005,2,0.08,22080.0
TXN002765,ORD01939,P009,1,0.1,1080.0
TXN002766,ORD01940,P001,2,0.1,117000.0
TXN002767,ORD01941,P004,1,0.0,18000.0
TXN002768,ORD01942,P005,1,0.1,10800.0
TXN002769,ORD01943,P005,2,0.1,21600.0
TXN002770,ORD01944,P005,1,0.15,10200.0
TXN002771,ORD01944,P001,1,0.02,63700.0
TXN002772,ORD01945,P005,2,0.08,22080.0
TXN002773,ORD01945,P006,2,0.05,28500.0
TXN002774,ORD01946,P012,1,0.0,4500.0
TXN002775,ORD01947,P009,2,0.08,2208.0
TXN002776,ORD01948,P008,5,0.1,9900.0
TXN002777,ORD01948,P009,1,0.02,1176.0
TXN002778,ORD01949,P003,1,0.15,2975.0
TXN002779,ORD01949,P010,2,0.05,26600.0
TXN002780,ORD01949,P009,1,0.05,1140.0
TXN002781,ORD01950,P006,1,0.02,14700.0
TXN002782,ORD01951,P002,1,0.05,26600.0
TXN002783,ORD01951,P011,2,0.02,43120.0
TXN002784,ORD01952,P003,1,0.08,3220.0
TXN002785,ORD01953,P009,1,0.02,1176.0
TXN002786,ORD01953,P002,1,0.08,25760.0
TXN002787,ORD01953,P001,2,0.1,117000.0
TXN002788,ORD01954,P012,1,0.02,4410.0
TXN002789,ORD01955,P007,1,0.08,1656.0
TXN002790,ORD01955,P009,1,0.02,1176.0
TXN002791,ORD01956,P012,1,0.0,4500.0
TXN002792,ORD01957,P012,1,0.05,4275.0
TXN002793,ORD01958,P011,1,0.05,20900.0
TXN002794,ORD01958,P005,1,0.0,12000.0
TXN002795,ORD01959,P002,3,0.15,71400.0
TXN002796,ORD01959,P012,2,0.08,8280.0
TXN002797,ORD01960,P001,1,0.0,65000.0
TXN002798,ORD01961,P004,1,0.0,18000.0
TXN002799,ORD01962,P001,1,0.15,55250.0
TXN002800,ORD01963,P009,4,0.02,4704.0
TXN002801,ORD01964,P009,2,0.08,2208.0
TXN002802,ORD01965,P007,1,0.15,1530.0
TXN002803,ORD01965,P005,3,0.05,34200.0
TXN002804,ORD01966,P010,4,0.15,47600.0
TXN002805,ORD01967,P001,1,0.0,65000.0
TXN002806,ORD01967,P006,3,0.0,45000.0
TXN002807,ORD01968,P005,1,0.0,12000.0
TXN002808,ORD01969,P011,1,0.08,20240.0
TXN002809,ORD01969,P006,1,0.15,12750.0
TXN002810,ORD01970,P009,5,0.05,5700.0
TXN002811,ORD01971,P006,3,0.02,44100.0
TXN002812,ORD01971,P002,3,0.15,71400.0
TXN002813,ORD01972,P010,3,0.02,41160.0
TXN002814,ORD01972,P011,1,0.0,22000.0
TXN002815,ORD01973,P004,1,0.08,16560.0
TXN002816,ORD01974,P001,2,0.05,123500.0
TXN002817,ORD01974,P009,1,0.0,1200.0
TXN002818,ORD01974,P005,1,0.08,11040.0
TXN002819,ORD01975,P010,2,0.1,25200.0
TXN002820,ORD01975,P005,2,0.02,23520.0
TXN002821,ORD01976,P005,2,0.1,21600.0
TXN002822,ORD01977,P004,1,0.02,17640.0
TXN002823,ORD01978,P012,2,0.1,8100.0
TXN002824,ORD01979,P003,1,0.0,3500.0
TXN002825,ORD01979,P005,1,0.15,10200.0
TXN002826,ORD01980,P012,1,0.05,4275.0
TXN002827,ORD01981,P011,1,0.1,19800.0
TXN002828,ORD01982,P004,1,0.08,16560.0
TXN002829,ORD01983,P011,1,0.0,22000.0
TXN002830,ORD01984,P008,2,0.1,3960.0
TXN002831,ORD01985,P004,1,0.08,16560.0
TXN002832,ORD01985,P010,3,0.15,35700.0
TXN002833,ORD01986,P012,1,0.02,4410.0
TXN002834,ORD01986,P006,3,0.08,41400.0
TXN002835,ORD01987,P005,1,0.05,11400.0
TXN002836,ORD01988,P007,2,0.05,3420.0
TXN002837,ORD01988,P011,2,0.05,41800.0
TXN002838,ORD01989,P010,1,0.0,14000.0
TXN002839,ORD01990,P007,3,0.1,4860.0
TXN002840,ORD01990,P012,1,0.1,4050.0
TXN002841,ORD01991,P010,2,0.15,23800.0
TXN002842,ORD01992,P005,2,0.0,24000.0
TXN002843,ORD01993,P002,1,0.1,25200.0
TXN002844,ORD01994,P005,1,0.0,12000.0
TXN002845,ORD01994,P011,2,0.0,44000.0
TXN002846,ORD01994,P008,4,0.0,8800.0
TXN002847,ORD01995,P011,1,0.1,19800.0
TXN002848,ORD01996,P009,3,0.08,3312.0
TXN002849,ORD01997,P007,1,0.08,1656.0
TXN002850,ORD01998,P002,2,0.02,54880.0
TXN002851,ORD01999,P007,1,0.0,1800.0
TXN002852,ORD02000,P011,3,0.02,64680.0
TXN002853,ORD02001,P007,3,0.1,4860.0
TXN002854,ORD02002,P009,1,0.1,1080.0
TXN002855,ORD02002,P010,1,0.15,11900.0
TXN002856,ORD02003,P011,2,0.0,44000.0
TXN002857,ORD02003,P010,1,0.08,12880.0
TXN002858,ORD02004,P009,2,0.05,2280.0
TXN002859,ORD02005,P011,2,0.08,40480.0
TXN002860,ORD02005,P010,1,0.0,14000.0
TXN002861,ORD02006,P009,2,0.05,2280.0
TXN002862,ORD02006,P011,3,0.05,62700.0
TXN002863,ORD02007,P002,3,0.05,79800.0
TXN002864,ORD02008,P009,5,0.05,5700.0
TXN002865,ORD02009,P001,5,0.02,318500.0
TXN002866,ORD02010,P005,4,0.1,43200.0
TXN002867,ORD02010,P006,1,0.02,14700.0
TXN002868,ORD02011,P010,1,0.1,12600.0
TXN002869,ORD02012,P005,4,0.05,45600.0
TXN002870,ORD02013,P001,2,0.15,110500.0
TXN002871,ORD02014,P003,4,0.05,13300.0
TXN002872,ORD02015,P007,2,0.05,3420.0
TXN002873,ORD02016,P002,1,0.15,23800.0
TXN002874,ORD02016,P011,4,0.1,79200.0
TXN002875,ORD02017,P002,2,0.08,51520.0
TXN002876,ORD02017,P011,1,0.05,20900.0
TXN002877,ORD02018,P007,2,0.08,3312.0
TXN002878,ORD02019,P006,1,0.0,15000.0
TXN002879,ORD02020,P006,1,0.08,13800.0
TXN002880,ORD02020,P003,4,0.02,13720.0
TXN002881,ORD02020,P004,1,0.08,16560.0
TXN002882,ORD02021,P005,1,0.08,11040.0
TXN002883,ORD02022,P001,2,0.0,130000.0
TXN002884,ORD02022,P012,2,0.0,9000.0
TXN002885,ORD02023,P001,1,0.05,61750.0
TXN002886,ORD02024,P010,2,0.05,26600.0
TXN002887,ORD02025,P001,2,0.05,123500.0
TXN002888,ORD02026,P009,1,0.08,1104.0
TXN002889,ORD02026,P002,1,0.08,25760.0
TXN002890,ORD02027,P002,5,0.08,128800.0
TXN002891,ORD02028,P010,2,0.15,23800.0
TXN002892,ORD02029,P012,3,0.0,13500.0
TXN002893,ORD02030,P006,3,0.08,41400.0
TXN002894,ORD02030,P003,3,0.05,9975.0
TXN002895,ORD02031,P007,1,0.08,1656.0
TXN002896,ORD02031,P003,1,0.15,2975.0
TXN002897,ORD02032,P003,2,0.02,6860.0
TXN002898,ORD02033,P002,1,0.1,25200.0
TXN002899,ORD02034,P005,1,0.0,12000.0
TXN002900,ORD02034,P002,1,0.05,26600.0
TXN002901,ORD02035,P005,1,0.02,11760.0
TXN002902,ORD02036,P002,2,0.0,56000.0
TXN002903,ORD02036,P005,1,0.0,12000.0
TXN002904,ORD02037,P007,2,0.05,3420.0
TXN002905,ORD02038,P010,1,0.1,12600.0
TXN002906,ORD02039,P001,1,0.0,65000.0
TXN002907,ORD02039,P011,2,0.1,39600.0
TXN002908,ORD02040,P004,1,0.15,15300.0
TXN002909,ORD02041,P010,2,0.02,27440.0
TXN002910,ORD02042,P003,1,0.02,3430.0
TXN002911,ORD02043,P012,3,0.02,13230.0
TXN002912,ORD02043,P002,2,0.05,53200.0
TXN002913,ORD02044,P002,1,0.0,28000.0
TXN002914,ORD02045,P004,1,0.05,17100.0
TXN002915,ORD02046,P012,1,0.08,4140.0
TXN002916,ORD02047,P004,1,0.15,15300.0
TXN002917,ORD02048,P004,3,0.08,49680.0
TXN002918,ORD02048,P005,2,0.05,22800.0
TXN002919,ORD02049,P004,3,0.08,49680.0
TXN002920,ORD02049,P002,1,0.15,23800.0
TXN002921,ORD02050,P007,1,0.05,1710.0
TXN002922,ORD02051,P009,1,0.0,1200.0
TXN002923,ORD02051,P005,1,0.08,11040.0
TXN002924,ORD02051,P007,1,0.05,1710.0
TXN002925,ORD02052,P001,2,0.1,117000.0
TXN002926,ORD02053,P012,1,0.05,4275.0
TXN002927,ORD02053,P005,3,0.0,36000.0
TXN002928,ORD02054,P007,1,0.1,1620.0
TXN002929,ORD02054,P010,2,0.15,23800.0
TXN002930,ORD02055,P012,3,0.05,12825.0
TXN002931,ORD02056,P004,1,0.0,18000.0
TXN002932,ORD02057,P005,2,0.02,23520.0
TXN002933,ORD02058,P010,1,0.08,12880.0
TXN002934,ORD02059,P008,4,0.0,8800.0
TXN002935,ORD02059,P004,1,0.08,16560.0
TXN002936,ORD02060,P002,1,0.1,25200.0
TXN002937,ORD02060,P007,1,0.02,1764.0
TXN002938,ORD02061,P005,3,0.15,30600.0
TXN002939,ORD02062,P004,3,0.08,49680.0
TXN002940,ORD02063,P010,1,0.1,12600.0
TXN002941,ORD02063,P003,3,0.0,10500.0
TXN002942,ORD02063,P006,1,0.1,13500.0
TXN002943,ORD02064,P002,1,0.08,25760.0
TXN002944,ORD02064,P004,3,0.15,45900.0
TXN002945,ORD02065,P001,3,0.1,175500.0
TXN002946,ORD02065,P005,3,0.15,30600.0
TXN002947,ORD02066,P004,1,0.02,17640.0
TXN002948,ORD02067,P010,1,0.08,12880.0
TXN002949,ORD02067,P002,5,0.15,119000.0
TXN002950,ORD02068,P005,2,0.1,21600.0
TXN002951,ORD02068,P012,4,0.02,17640.0
TXN002952,ORD02069,P008,2,0.0,4400.0
TXN002953,ORD02070,P005,1,0.05,11400.0
TXN002954,ORD02070,P004,2,0.05,34200.0
TXN002955,ORD02070,P012,2,0.1,8100.0
TXN002956,ORD02071,P001,3,0.05,185250.0
TXN002957,ORD02071,P005,1,0.05,11400.0
TXN002958,ORD02072,P001,4,0.08,239200.0
TXN002959,ORD02073,P007,1,0.02,1764.0
TXN002960,ORD02073,P001,1,0.1,58500.0
TXN002961,ORD02074,P004,3,0.1,48600.0
TXN002962,ORD02075,P005,2,0.08,22080.0
TXN002963,ORD02075,P004,2,0.05,34200.0
TXN002964,ORD02076,P008,1,0.1,1980.0
TXN002965,ORD02077,P008,5,0.02,10780.0
TXN002966,ORD02077,P001,1,0.08,59800.0
TXN002967,ORD02078,P012,1,0.15,3825.0
TXN002968,ORD02078,P005,3,0.15,30600.0
TXN002969,ORD02079,P008,5,0.02,10780.0
TXN002970,ORD02079,P010,1,0.08,12880.0
TXN002971,ORD02080,P002,3,0.0,84000.0
TXN002972,ORD02081,P007,2,0.1,3240.0
TXN002973,ORD02081,P012,3,0.08,12420.0
TXN002974,ORD02081,P011,1,0.05,20900.0
TXN002975,ORD02082,P011,5,0.15,93500.0
TXN002976,ORD02083,P009,3,0.1,3240.0
TXN002977,ORD02084,P005,3,0.02,35280.0
TXN002978,ORD02084,P007,1,0.15,1530.0
TXN002979,ORD02085,P003,2,0.02,6860.0
TXN002980,ORD02085,P010,2,0.08,25760.0
TXN002981,ORD02086,P006,1,0.08,13800.0
TXN002982,ORD02086,P004,2,0.08,33120.0
TXN002983,ORD02086,P010,1,0.05,13300.0
TXN002984,ORD02087,P012,1,0.1,4050.0
TXN002985,ORD02087,P004,3,0.1,48600.0
TXN002986,ORD02087,P010,1,0.08,12880.0
TXN002987,ORD02088,P006,2,0.02,29400.0
TXN002988,ORD02089,P003,1,0.02,3430.0
TXN002989,ORD02089,P007,1,0.15,1530.0
TXN002990,ORD02089,P001,3,0.15,165750.0
TXN002991,ORD02090,P012,1,0.0,4500.0
TXN002992,ORD02090,P010,1,0.15,11900.0
TXN002993,ORD02091,P001,5,0.1,292500.0
TXN002994,ORD02091,P008,3,0.08,6072.0
TXN002995,ORD02092,P010,2,0.05,26600.0
TXN002996,ORD02092,P005,3,0.08,33120.0
TXN002997,ORD02093,P007,1,0.15,1530.0
TXN002998,ORD02094,P005,2,0.05,22800.0
TXN002999,ORD02095,P006,3,0.0,45000.0
TXN003000,ORD02095,P003,1,0.1,3150.0
TXN003001,ORD02096,P006,3,0.15,38250.0
TXN003002,ORD02097,P005,1,0.1,10800.0
TXN003003,ORD02098,P002,1,0.05,26600.0
TXN003004,ORD02099,P005,3,0.1,32400.0
TXN003005,ORD02100,P009,1,0.0,1200.0
TXN003006,ORD02101,P009,1,0.05,1140.0
TXN003007,ORD02102,P003,3,0.05,9975.0
TXN003008,ORD02103,P007,2,0.02,3528.0
TXN003009,ORD02103,P010,1,0.1,12600.0
TXN003010,ORD02104,P007,1,0.08,1656.0
TXN003011,ORD02104,P009,2,0.02,2352.0
TXN003012,ORD02105,P004,1,0.15,15300.0
TXN003013,ORD02106,P007,1,0.15,1530.0
TXN003014,ORD02107,P007,3,0.02,5292.0
TXN003015,ORD02108,P009,2,0.0,2400.0
TXN003016,ORD02109,P004,2,0.15,30600.0
TXN003017,ORD02110,P006,3,0.15,38250.0
TXN003018,ORD02111,P008,3,0.0,6600.0
TXN003019,ORD02112,P003,1,0.15,2975.0
TXN003020,ORD02113,P005,3,0.15,30600.0
TXN003021,ORD02114,P009,1,0.0,1200.0
TXN003022,ORD02114,P008,2,0.02,4312.0
TXN003023,ORD02115,P003,1,0.02,3430.0
TXN003024,ORD02116,P008,1,0.15,1870.0
TXN003025,ORD02117,P009,1,0.1,1080.0
TXN003026,ORD02118,P010,4,0.08,51520.0
TXN003027,ORD02119,P007,3,0.05,5130.0
TXN003028,ORD02120,P006,2,0.0,30000.0
TXN003029,ORD02121,P002,2,0.08,51520.0
TXN003030,ORD02122,P012,1,0.15,3825.0
TXN003031,ORD02123,P003,5,0.02,17150.0
TXN003032,ORD02124,P007,4,0.0,7200.0
TXN003033,ORD02124,P005,2,0.0,24000.0
TXN003034,ORD02125,P010,1,0.08,12880.0
TXN003035,ORD02126,P003,1,0.0,3500.0
TXN003036,ORD02127,P005,3,0.02,35280.0
TXN003037,ORD02128,P001,1,0.15,55250.0
TXN003038,ORD02129,P002,3,0.1,75600.0
TXN003039,ORD02130,P004,1,0.05,17100.0
TXN003040,ORD02131,P003,1,0.15,2975.0
TXN003041,ORD02132,P006,2,0.08,27600.0
TXN003042,ORD02132,P009,2,0.08,2208.0
TXN003043,ORD02133,P011,1,0.02,21560.0
TXN003044,ORD02133,P010,1,0.0,14000.0
TXN003045,ORD02134,P005,4,0.15,40800.0
TXN003046,ORD02135,P004,1,0.0,18000.0
TXN003047,ORD02136,P005,1,0.05,11400.0
TXN003048,ORD02137,P004,2,0.1,32400.0
TXN003049,ORD02138,P007,2,0.0,3600.0
TXN003050,ORD02139,P001,3,0.02,191100.0
TXN003051,ORD02140,P008,3,0.02,6468.0
TXN003052,ORD02141,P007,1,0.08,1656.0
TXN003053,ORD02141,P009,4,0.1,4320.0
TXN003054,ORD02142,P010,1,0.1,12600.0
TXN003055,ORD02143,P011,2,0.15,37400.0
TXN003056,ORD02144,P008,1,0.02,2156.0
TXN003057,ORD02144,P010,1,0.1,12600.0
TXN003058,ORD02145,P007,1,0.02,1764.0
TXN003059,ORD02145,P008,4,0.05,8360.0
TXN003060,ORD02145,P012,3,0.05,12825.0
TXN003061,ORD02146,P006,1,0.1,13500.0
TXN003062,ORD02147,P008,1,0.02,2156.0
TXN003063,ORD02148,P001,1,0.0,65000.0
TXN003064,ORD02149,P004,1,0.1,16200.0
TXN003065,ORD02150,P004,1,0.08,16560.0
TXN003066,ORD02151,P005,1,0.15,10200.0
TXN003067,ORD02152,P004,3,0.1,48600.0
TXN003068,ORD02152,P009,1,0.1,1080.0
TXN003069,ORD02153,P007,1,0.15,1530.0
TXN003070,ORD02153,P010,5,0.1,63000.0
TXN003071,ORD02153,P003,1,0.15,2975.0
TXN003072,ORD02154,P003,1,0.0,3500.0
TXN003073,ORD02154,P001,1,0.0,65000.0
TXN003074,ORD02155,P006,2,0.05,28500.0
TXN003075,ORD02156,P010,2,0.0,28000.0
TXN003076,ORD02157,P007,2,0.0,3600.0
TXN003077,ORD02157,P009,4,0.05,4560.0
TXN003078,ORD02157,P008,3,0.15,5610.0
TXN003079,ORD02158,P009,2,0.02,2352.0
TXN003080,ORD02158,P006,1,0.05,14250.0
TXN003081,ORD02159,P002,2,0.15,47600.0
TXN003082,ORD02160,P006,2,0.02,29400.0
TXN003083,ORD02161,P012,3,0.15,11475.0
TXN003084,ORD02162,P002,1,0.0,28000.0
TXN003085,ORD02163,P011,1,0.1,19800.0
TXN003086,ORD02164,P003,1,0.08,3220.0
TXN003087,ORD02165,P001,1,0.08,59800.0
TXN003088,ORD02166,P010,1,0.02,13720.0
TXN003089,ORD02167,P006,1,0.1,13500.0
TXN003090,ORD02167,P010,3,0.15,35700.0
TXN003091,ORD02168,P011,1,0.05,20900.0
TXN003092,ORD02168,P012,1,0.08,4140.0
TXN003093,ORD02169,P009,4,0.15,4080.0
TXN003094,ORD02170,P007,3,0.08,4968.0
TXN003095,ORD02171,P006,5,0.1,67500.0
TXN003096,ORD02172,P004,1,0.05,17100.0
TXN003097,ORD02173,P009,2,0.1,2160.0
TXN003098,ORD02174,P001,1,0.15,55250.0
TXN003099,ORD02174,P010,2,0.08,25760.0
TXN003100,ORD02175,P010,4,0.1,50400.0
TXN003101,ORD02176,P001,1,0.05,61750.0
TXN003102,ORD02177,P007,1,0.1,1620.0
TXN003103,ORD02177,P009,5,0.1,5400.0
TXN003104,ORD02178,P010,1,0.02,13720.0
TXN003105,ORD02179,P009,5,0.0,6000.0
TXN003106,ORD02180,P003,2,0.1,6300.0
TXN003107,ORD02181,P012,1,0.15,3825.0
TXN003108,ORD02182,P001,4,0.1,234000.0
TXN003109,ORD02183,P001,2,0.0,130000.0
TXN003110,ORD02184,P011,1,0.0,22000.0
TXN003111,ORD02185,P007,3,0.02,5292.0
TXN003112,ORD02186,P011,1,0.0,22000.0
TXN003113,ORD02187,P007,1,0.0,1800.0
TXN003114,ORD02188,P012,1,0.1,4050.0
TXN003115,ORD02188,P008,4,0.05,8360.0
TXN003116,ORD02189,P010,4,0.05,53200.0
TXN003117,ORD02190,P006,2,0.15,25500.0
TXN003118,ORD02191,P005,1,0.08,11040.0
TXN003119,ORD02191,P001,1,0.08,59800.0
TXN003120,ORD02192,P005,2,0.0,24000.0
TXN003121,ORD02192,P004,1,0.1,16200.0
TXN003122,ORD02192,P001,1,0.05,61750.0
TXN003123,ORD02193,P003,4,0.0,14000.0
TXN003124,ORD02193,P008,2,0.15,3740.0
TXN003125,ORD02193,P002,2,0.08,51520.0
TXN003126,ORD02194,P008,1,0.0,2200.0
TXN003127,ORD02195,P008,2,0.15,3740.0
TXN003128,ORD02196,P006,1,0.05,14250.0
TXN003129,ORD02197,P002,1,0.0,28000.0
TXN003130,ORD02198,P008,2,0.02,4312.0
TXN003131,ORD02198,P011,1,0.02,21560.0
TXN003132,ORD02198,P001,1,0.08,59800.0
TXN003133,ORD02199,P004,1,0.02,17640.0
TXN003134,ORD02200,P011,3,0.02,64680.0
TXN003135,ORD02201,P001,3,0.15,165750.0
TXN003136,ORD02202,P003,1,0.15,2975.0
TXN003137,ORD02202,P004,1,0.02,17640.0
TXN003138,ORD02202,P008,1,0.0,2200.0
TXN003139,ORD02203,P005,1,0.02,11760.0
TXN003140,ORD02204,P001,1,0.15,55250.0
TXN003141,ORD02205,P007,3,0.05,5130.0
TXN003142,ORD02206,P004,4,0.05,68400.0
TXN003143,ORD02207,P012,1,0.05,4275.0
TXN003144,ORD02208,P001,1,0.1,58500.0
TXN003145,ORD02209,P010,2,0.08,25760.0
TXN003146,ORD02209,P008,4,0.15,7480.0
TXN003147,ORD02210,P004,1,0.08,16560.0
TXN003148,ORD02210,P009,1,0.08,1104.0
TXN003149,ORD02210,P007,2,0.02,3528.0
TXN003150,ORD02211,P006,1,0.08,13800.0
TXN003151,ORD02211,P007,1,0.0,1800.0
TXN003152,ORD02212,P001,3,0.15,165750.0
TXN003153,ORD02213,P003,2,0.02,6860.0
TXN003154,ORD02214,P007,1,0.15,1530.0
TXN003155,ORD02215,P008,2,0.15,3740.0
TXN003156,ORD02216,P011,2,0.0,44000.0
TXN003157,ORD02217,P008,1,0.15,1870.0
TXN003158,ORD02218,P003,1,0.1,3150.0
TXN003159,ORD02219,P009,4,0.1,4320.0
TXN003160,ORD02219,P012,1,0.02,4410.0
TXN003161,ORD02220,P007,2,0.08,3312.0
TXN003162,ORD02221,P005,1,0.1,10800.0
TXN003163,ORD02221,P007,1,0.15,1530.0
TXN003164,ORD02222,P001,1,0.15,55250.0
TXN003165,ORD02223,P012,1,0.15,3825.0
TXN003166,ORD02223,P005,3,0.15,30600.0
TXN003167,ORD02224,P005,4,0.15,40800.0
TXN003168,ORD02225,P008,2,0.05,4180.0
TXN003169,ORD02226,P003,3,0.02,10290.0
TXN003170,ORD02227,P010,1,0.05,13300.0
TXN003171,ORD02228,P004,5,0.05,85500.0
TXN003172,ORD02228,P012,1,0.08,4140.0
TXN003173,ORD02229,P003,1,0.08,3220.0
TXN003174,ORD02230,P003,1,0.08,3220.0
TXN003175,ORD02231,P005,2,0.1,21600.0
TXN003176,ORD02231,P003,1,0.08,3220.0
TXN003177,ORD02232,P006,5,0.02,73500.0
TXN003178,ORD02232,P008,1,0.08,2024.0
TXN003179,ORD02233,P010,2,0.1,25200.0
TXN003180,ORD02234,P005,2,0.02,23520.0
TXN003181,ORD02235,P008,1,0.0,2200.0
TXN003182,ORD02236,P001,1,0.0,65000.0
TXN003183,ORD02237,P008,1,0.1,1980.0
TXN003184,ORD02238,P008,1,0.15,1870.0
TXN003185,ORD02239,P002,1,0.08,25760.0
TXN003186,ORD02239,P012,1,0.05,4275.0
TXN003187,ORD02240,P005,1,0.15,10200.0
TXN003188,ORD02240,P002,1,0.02,27440.0
TXN003189,ORD02241,P005,2,0.08,22080.0
TXN003190,ORD02242,P001,1,0.0,65000.0
TXN003191,ORD02243,P008,1,0.0,2200.0
TXN003192,ORD02244,P009,4,0.05,4560.0
TXN003193,ORD02245,P012,2,0.05,8550.0
TXN003194,ORD02246,P010,3,0.1,37800.0
TXN003195,ORD02247,P002,1,0.02,27440.0
TXN003196,ORD02248,P004,4,0.02,70560.0
TXN003197,ORD02249,P010,2,0.05,26600.0
TXN003198,ORD02250,P001,2,0.15,110500.0
TXN003199,ORD02250,P002,1,0.1,25200.0
TXN003200,ORD02250,P009,1,0.08,1104.0
TXN003201,ORD02251,P004,1,0.1,16200.0
TXN003202,ORD02251,P003,1,0.15,2975.0
TXN003203,ORD02252,P003,2,0.02,6860.0
TXN003204,ORD02253,P010,3,0.08,38640.0
TXN003205,ORD02254,P007,2,0.08,3312.0
TXN003206,ORD02254,P004,3,0.1,48600.0
TXN003207,ORD02254,P008,1,0.08,2024.0
TXN003208,ORD02255,P005,1,0.1,10800.0
TXN003209,ORD02256,P005,1,0.15,10200.0
TXN003210,ORD02257,P009,3,0.15,3060.0
TXN003211,ORD02257,P007,3,0.1,4860.0
TXN003212,ORD02258,P012,1,0.02,4410.0
TXN003213,ORD02259,P002,2,0.05,53200.0
TXN003214,ORD02260,P011,1,0.08,20240.0
TXN003215,ORD02261,P003,2,0.1,6300.0
TXN003216,ORD02262,P003,2,0.02,6860.0
TXN003217,ORD02263,P002,4,0.15,95200.0
TXN003218,ORD02264,P008,3,0.08,6072.0
TXN003219,ORD02265,P002,5,0.05,133000.0
TXN003220,ORD02266,P012,1,0.08,4140.0
TXN003221,ORD02267,P008,1,0.15,1870.0
TXN003222,ORD02267,P002,3,0.02,82320.0
TXN003223,ORD02268,P011,2,0.0,44000.0
TXN003224,ORD02268,P008,1,0.15,1870.0
TXN003225,ORD02269,P009,1,0.08,1104.0
TXN003226,ORD02270,P002,1,0.15,23800.0
TXN003227,ORD02271,P004,2,0.05,34200.0
TXN003228,ORD02272,P011,2,0.08,40480.0
TXN003229,ORD02272,P004,1,0.15,15300.0
TXN003230,ORD02273,P007,1,0.0,1800.0
TXN003231,ORD02274,P008,1,0.0,2200.0
TXN003232,ORD02275,P002,2,0.02,54880.0
TXN003233,ORD02276,P008,1,0.0,2200.0
TXN003234,ORD02276,P007,1,0.02,1764.0
TXN003235,ORD02277,P003,1,0.15,2975.0
TXN003236,ORD02278,P005,1,0.15,10200.0
TXN003237,ORD02279,P011,2,0.05,41800.0
TXN003238,ORD02280,P001,1,0.15,55250.0
TXN003239,ORD02281,P007,1,0.05,1710.0
TXN003240,ORD02282,P010,1,0.1,12600.0
TXN003241,ORD02282,P008,2,0.0,4400.0
TXN003242,ORD02283,P009,3,0.1,3240.0
TXN003243,ORD02284,P001,2,0.08,119600.0
TXN003244,ORD02285,P002,2,0.1,50400.0
TXN003245,ORD02286,P008,4,0.02,8624.0
TXN003246,ORD02287,P012,1,0.08,4140.0
TXN003247,ORD02288,P007,1,0.08,1656.0
TXN003248,ORD02289,P011,2,0.05,41800.0
TXN003249,ORD02290,P005,4,0.1,43200.0
TXN003250,ORD02290,P012,2,0.15,7650.0
TXN003251,ORD02291,P006,1,0.08,13800.0
TXN003252,ORD02292,P004,2,0.0,36000.0
TXN003253,ORD02293,P007,1,0.02,1764.0
TXN003254,ORD02293,P010,3,0.02,41160.0
TXN003255,ORD02294,P002,3,0.05,79800.0
TXN003256,ORD02295,P011,1,0.0,22000.0
TXN003257,ORD02295,P004,1,0.1,16200.0
TXN003258,ORD02296,P001,1,0.0,65000.0
TXN003259,ORD02297,P001,1,0.0,65000.0
TXN003260,ORD02298,P011,2,0.0,44000.0
TXN003261,ORD02299,P006,2,0.0,30000.0
TXN003262,ORD02299,P003,4,0.0,14000.0
TXN003263,ORD02300,P009,1,0.1,1080.0
TXN003264,ORD02300,P006,1,0.08,13800.0
TXN003265,ORD02301,P006,2,0.15,25500.0
TXN003266,ORD02301,P003,1,0.1,3150.0
TXN003267,ORD02301,P011,2,0.1,39600.0
TXN003268,ORD02302,P012,4,0.15,15300.0
TXN003269,ORD02303,P001,1,0.0,65000.0
TXN003270,ORD02303,P012,1,0.1,4050.0
TXN003271,ORD02303,P010,3,0.02,41160.0
TXN003272,ORD02304,P012,2,0.02,8820.0
TXN003273,ORD02305,P009,2,0.0,2400.0
TXN003274,ORD02305,P002,1,0.05,26600.0
TXN003275,ORD02305,P010,5,0.1,63000.0
TXN003276,ORD02306,P001,1,0.08,59800.0
TXN003277,ORD02307,P009,1,0.15,1020.0
TXN003278,ORD02308,P010,3,0.08,38640.0
TXN003279,ORD02309,P007,1,0.15,1530.0
TXN003280,ORD02310,P012,1,0.08,4140.0
TXN003281,ORD02311,P009,1,0.15,1020.0
TXN003282,ORD02312,P005,4,0.02,47040.0
TXN003283,ORD02312,P002,3,0.05,79800.0
TXN003284,ORD02312,P010,2,0.1,25200.0
TXN003285,ORD02313,P012,1,0.05,4275.0
TXN003286,ORD02314,P003,3,0.1,9450.0
TXN003287,ORD02315,P008,1,0.02,2156.0
TXN003288,ORD02315,P009,1,0.05,1140.0
TXN003289,ORD02316,P010,2,0.1,25200.0
TXN003290,ORD02317,P012,1,0.02,4410.0
TXN003291,ORD02317,P009,1,0.05,1140.0
TXN003292,ORD02318,P008,1,0.02,2156.0
TXN003293,ORD02319,P005,1,0.05,11400.0
TXN003294,ORD02320,P002,3,0.08,77280.0
TXN003295,ORD02321,P012,3,0.05,12825.0
TXN003296,ORD02321,P002,1,0.15,23800.0
TXN003297,ORD02322,P006,4,0.0,60000.0
TXN003298,ORD02323,P001,1,0.1,58500.0
TXN003299,ORD02323,P002,1,0.05,26600.0
TXN003300,ORD02323,P012,2,0.02,8820.0
TXN003301,ORD02324,P008,1,0.1,1980.0
TXN003302,ORD02324,P006,2,0.0,30000.0
TXN003303,ORD02325,P011,2,0.0,44000.0
TXN003304,ORD02325,P007,1,0.08,1656.0
TXN003305,ORD02326,P006,1,0.08,13800.0
TXN003306,ORD02327,P010,1,0.08,12880.0
TXN003307,ORD02328,P006,1,0.02,14700.0
TXN003308,ORD02329,P005,1,0.05,11400.0
TXN003309,ORD02330,P006,1,0.02,14700.0
TXN003310,ORD02331,P007,1,0.15,1530.0
TXN003311,ORD02331,P004,2,0.02,35280.0
TXN003312,ORD02332,P002,1,0.15,23800.0
TXN003313,ORD02333,P012,2,0.05,8550.0
TXN003314,ORD02334,P010,2,0.02,27440.0
TXN003315,ORD02335,P005,1,0.02,11760.0
TXN003316,ORD02336,P009,1,0.02,1176.0
TXN003317,ORD02337,P004,1,0.05,17100.0
TXN003318,ORD02338,P008,1,0.1,1980.0
TXN003319,ORD02338,P007,2,0.08,3312.0
TXN003320,ORD02339,P008,1,0.02,2156.0
TXN003321,ORD02339,P001,4,0.05,247000.0
TXN003322,ORD02340,P002,1,0.15,23800.0
TXN003323,ORD02340,P011,1,0.05,20900.0
TXN003324,ORD02341,P005,1,0.08,11040.0
TXN003325,ORD02341,P010,3,0.05,39900.0
TXN003326,ORD02342,P007,1,0.08,1656.0
TXN003327,ORD02343,P008,1,0.05,2090.0
TXN003328,ORD02344,P009,2,0.05,2280.0
TXN003329,ORD02345,P010,1,0.1,12600.0
TXN003330,ORD02345,P005,1,0.1,10800.0
TXN003331,ORD02346,P007,1,0.1,1620.0
TXN003332,ORD02347,P009,2,0.0,2400.0
TXN003333,ORD02348,P006,4,0.05,57000.0
TXN003334,ORD02349,P001,1,0.0,65000.0
TXN003335,ORD02350,P001,1,0.0,65000.0
TXN003336,ORD02351,P003,5,0.02,17150.0
TXN003337,ORD02351,P012,2,0.1,8100.0
TXN003338,ORD02352,P007,2,0.0,3600.0
TXN003339,ORD02353,P008,4,0.08,8096.0
TXN003340,ORD02354,P011,1,0.05,20900.0
TXN003341,ORD02355,P009,1,0.0,1200.0
TXN003342,ORD02356,P007,1,0.1,1620.0
TXN003343,ORD02356,P011,2,0.0,44000.0
TXN003344,ORD02357,P008,3,0.15,5610.0
TXN003345,ORD02358,P008,2,0.08,4048.0
TXN003346,ORD02359,P012,3,0.15,11475.0
TXN003347,ORD02360,P001,1,0.02,63700.0
TXN003348,ORD02361,P010,2,0.02,27440.0
TXN003349,ORD02361,P002,3,0.02,82320.0
TXN003350,ORD02362,P012,2,0.1,8100.0
TXN003351,ORD02362,P010,4,0.0,56000.0
TXN003352,ORD02362,P007,1,0.1,1620.0
TXN003353,ORD02363,P003,2,0.05,6650.0
TXN003354,ORD02364,P009,3,0.08,3312.0
TXN003355,ORD02365,P003,1,0.15,2975.0
TXN003356,ORD02365,P006,3,0.15,38250.0
TXN003357,ORD02365,P008,3,0.05,6270.0
TXN003358,ORD02366,P007,2,0.08,3312.0
TXN003359,ORD02366,P010,2,0.0,28000.0
TXN003360,ORD02367,P008,2,0.0,4400.0
TXN003361,ORD02367,P005,2,0.0,24000.0
TXN003362,ORD02367,P011,3,0.02,64680.0
TXN003363,ORD02368,P004,2,0.1,32400.0
TXN003364,ORD02368,P001,1,0.15,55250.0
TXN003365,ORD02369,P007,1,0.08,1656.0
TXN003366,ORD02370,P012,3,0.15,11475.0
TXN003367,ORD02371,P011,4,0.0,88000.0
TXN003368,ORD02372,P001,2,0.15,110500.0
TXN003369,ORD02372,P004,1,0.02,17640.0
TXN003370,ORD02373,P007,1,0.15,1530.0
TXN003371,ORD02374,P008,1,0.1,1980.0
TXN003372,ORD02375,P012,1,0.15,3825.0
TXN003373,ORD02376,P011,1,0.0,22000.0
TXN003374,ORD02376,P001,3,0.08,179400.0
TXN003375,ORD02377,P004,4,0.1,64800.0
TXN003376,ORD02378,P003,5,0.1,15750.0
TXN003377,ORD02378,P002,2,0.0,56000.0
TXN003378,ORD02378,P007,2,0.02,3528.0
TXN003379,ORD02379,P004,1,0.08,16560.0
TXN003380,ORD02380,P006,1,0.05,14250.0
TXN003381,ORD02381,P002,2,0.0,56000.0
TXN003382,ORD02381,P008,4,0.0,8800.0
TXN003383,ORD02382,P008,3,0.15,5610.0
TXN003384,ORD02383,P012,2,0.0,9000.0
TXN003385,ORD02384,P010,2,0.15,23800.0
TXN003386,ORD02384,P009,3,0.08,3312.0
TXN003387,ORD02384,P002,1,0.05,26600.0
TXN003388,ORD02385,P003,2,0.15,5950.0
TXN003389,ORD02385,P009,1,0.05,1140.0
TXN003390,ORD02386,P004,2,0.08,33120.0
TXN003391,ORD02387,P011,2,0.05,41800.0
TXN003392,ORD02388,P011,1,0.05,20900.0
TXN003393,ORD02388,P010,1,0.15,11900.0
TXN003394,ORD02389,P002,1,0.15,23800.0
TXN003395,ORD02390,P008,1,0.02,2156.0
TXN003396,ORD02391,P006,1,0.15,12750.0
TXN003397,ORD02392,P010,1,0.15,11900.0
TXN003398,ORD02393,P011,2,0.15,37400.0
TXN003399,ORD02394,P005,2,0.05,22800.0
TXN003400,ORD02394,P002,2,0.15,47600.0
TXN003401,ORD02395,P008,1,0.0,2200.0
TXN003402,ORD02396,P003,1,0.08,3220.0
TXN003403,ORD02397,P006,1,0.0,15000.0
TXN003404,ORD02397,P002,1,0.02,27440.0
TXN003405,ORD02397,P011,1,0.02,21560.0
TXN003406,ORD02398,P001,1,0.15,55250.0
TXN003407,ORD02399,P006,1,0.1,13500.0
TXN003408,ORD02399,P001,2,0.02,127400.0
TXN003409,ORD02400,P009,1,0.1,1080.0
